name,lat,lng,model,date,local_hour,hourLabel,score,cloudIndex,transparency,seeing,dewRisk,utc_time
weiyuan,29.581,104.5053,icon,2026-08-13,7.0,06:00,29.7,0.77197265625,0.74072265625,0.78759765625,0.0,2026-08-13T00:00:00Z
weiyuan,29.581,104.5053,icon,2026-08-13,8.0,07:00,20.1,0.8828125,0.74072265625,0.81982421875,0.0,2026-08-13T01:00:00Z
weiyuan,29.581,104.5053,icon,2026-08-13,9.0,08:00,30.0,0.77197265625,0.74072265625,0.84130859375,0.0,2026-08-13T02:00:00Z
weiyuan,29.581,104.5053,icon,2026-08-13,10.0,09:00,25.0,0.74462890625,0.7509765625,0.875,0.0,2026-08-13T03:00:00Z
weiyuan,29.581,104.5053,icon,2026-08-13,11.0,10:00,42.1,0.638671875,0.755859375,0.91162109375,0.0,2026-08-13T04:00:00Z
weiyuan,29.581,104.5053,icon,2026-08-13,12.0,11:00,36.4,0.705078125,0.75537109375,0.9423828125,0.0,2026-08-13T05:00:00Z
weiyuan,29.581,104.5053,icon,2026-08-13,13.0,12:00,39.3,0.671875,0.759765625,0.9296875,0.0,2026-08-13T06:00:00Z
weiyuan,29.581,104.5053,icon,2026-08-13,14.0,13:00,51.4,0.53759765625,0.818359375,0.91796875,0.0,2026-08-13T07:00:00Z
weiyuan,29.581,104.5053,icon,2026-08-13,15.0,14:00,64.4,0.38916015625,0.818359375,0.90576171875,0.0,2026-08-13T08:00:00Z
weiyuan,29.581,104.5053,icon,2026-08-13,16.0,15:00,98.2,0.0029201507568359375,0.80712890625,0.8857421875,0.0,2026-08-13T09:00:00Z
weiyuan,29.581,104.5053,icon,2026-08-13,17.0,16:00,98.3,0.0,0.80712890625,0.857421875,0.0,2026-08-13T10:00:00Z
weiyuan,29.581,104.5053,icon,2026-08-13,18.0,17:00,90.3,0.08935546875,0.80712890625,0.83203125,0.0,2026-08-13T11:00:00Z
weiyuan,29.581,104.5053,icon,2026-08-13,19.0,18:00,42.3,0.634765625,0.802734375,0.83056640625,0.0,2026-08-13T12:00:00Z
weiyuan,29.581,104.5053,icon,2026-08-13,20.0,19:00,49.6,0.552734375,0.791015625,0.85009765625,0.0,2026-08-13T13:00:00Z
weiyuan,29.581,104.5053,icon,2026-08-13,21.0,20:00,89.1,0.10430908203125,0.78662109375,0.87109375,0.0,2026-08-13T14:00:00Z
weiyuan,29.581,104.5053,icon,2026-08-13,22.0,21:00,91.1,0.08221435546875,0.78662109375,0.8740234375,0.0,2026-08-13T15:00:00Z
weiyuan,29.581,104.5053,icon,2026-08-13,23.0,22:00,72.4,0.29296875,0.78662109375,0.84814453125,0.0,2026-08-13T16:00:00Z
weiyuan,29.581,104.5053,icon,2026-08-13,24.0,23:00,45.0,0.60205078125,0.78662109375,0.7998046875,0.0,2026-08-13T17:00:00Z
weiyuan,29.581,104.5053,icon,2026-08-13,1.0,00:00,36.7,0.6923828125,0.78271484375,0.7470703125,0.0,2026-08-13T18:00:00Z
weiyuan,29.581,104.5053,icon,2026-08-13,2.0,01:00,30.1,0.76220703125,0.73095703125,0.7001953125,0.0,2026-08-13T19:00:00Z
weiyuan,29.581,104.5053,icon,2026-08-13,3.0,02:00,36.6,0.685546875,0.73095703125,0.658203125,0.0,2026-08-13T20:00:00Z
weiyuan,29.581,104.5053,icon,2026-08-13,4.0,03:00,35.6,0.69873046875,0.74169921875,0.6708984375,0.0,2026-08-13T21:00:00Z
weiyuan,29.581,104.5053,icon,2026-08-13,5.0,04:00,38.9,0.65771484375,0.7412109375,0.6162109375,0.0,2026-08-13T22:00:00Z
weiyuan,29.581,104.5053,icon,2026-08-13,6.0,05:00,30.2,0.7568359375,0.7412109375,0.62841796875,0.0,2026-08-13T23:00:00Z
weiyuan,29.581,104.5053,icon,2026-08-14,7.0,06:00,36.1,0.6923828125,0.74072265625,0.662109375,0.0,2026-08-14T00:00:00Z
weiyuan,29.581,104.5053,icon,2026-08-14,8.0,07:00,58.1,0.444091796875,0.7412109375,0.69921875,0.0,2026-08-14T01:00:00Z
weiyuan,29.581,104.5053,icon,2026-08-14,9.0,08:00,68.0,0.33447265625,0.7412109375,0.73876953125,0.0,2026-08-14T02:00:00Z
weiyuan,29.581,104.5053,icon,2026-08-14,10.0,09:00,85.7,0.1351318359375,0.73095703125,0.78173828125,0.0,2026-08-14T03:00:00Z
weiyuan,29.581,104.5053,icon,2026-08-14,11.0,10:00,92.8,0.0577392578125,0.7451171875,0.81787109375,0.0,2026-08-14T04:00:00Z
weiyuan,29.581,104.5053,icon,2026-08-14,12.0,11:00,27.5,0.80126953125,0.77001953125,0.83984375,0.0,2026-08-14T05:00:00Z
weiyuan,29.581,104.5053,icon,2026-08-14,13.0,12:00,26.9,0.81103515625,0.77490234375,0.86669921875,0.0,2026-08-14T06:00:00Z
weiyuan,29.581,104.5053,icon,2026-08-14,14.0,13:00,29.7,0.78076171875,0.79052734375,0.88330078125,0.0,2026-08-14T07:00:00Z
weiyuan,29.581,104.5053,icon,2026-08-14,15.0,14:00,37.9,0.689453125,0.82275390625,0.89599609375,0.0,2026-08-14T08:00:00Z
weiyuan,29.581,104.5053,icon,2026-08-14,16.0,15:00,42.3,0.640625,0.8349609375,0.90478515625,0.0,2026-08-14T09:00:00Z
weiyuan,29.581,104.5053,icon,2026-08-14,17.0,16:00,40.3,0.66162109375,0.83544921875,0.8798828125,0.0,2026-08-14T10:00:00Z
weiyuan,29.581,104.5053,icon,2026-08-14,18.0,17:00,34.6,0.7236328125,0.83544921875,0.810546875,0.0,2026-08-14T11:00:00Z
weiyuan,29.581,104.5053,icon,2026-08-14,19.0,18:00,35.2,0.70654296875,0.77734375,0.6953125,0.0,2026-08-14T12:00:00Z
weiyuan,29.581,104.5053,icon,2026-08-14,20.0,19:00,36.3,0.68994140625,0.73779296875,0.6669921875,0.0,2026-08-14T13:00:00Z
weiyuan,29.581,104.5053,icon,2026-08-14,21.0,20:00,83.3,0.1561279296875,0.7265625,0.6796875,0.0,2026-08-14T14:00:00Z
weiyuan,29.581,104.5053,icon,2026-08-14,22.0,21:00,77.9,0.2183837890625,0.72607421875,0.7041015625,0.0,2026-08-14T15:00:00Z
weiyuan,29.581,104.5053,icon,2026-08-14,23.0,22:00,68.4,0.329345703125,0.740234375,0.73046875,0.0,2026-08-14T16:00:00Z
weiyuan,29.581,104.5053,icon,2026-08-14,24.0,23:00,65.9,0.356201171875,0.74072265625,0.6962890625,0.0,2026-08-14T17:00:00Z
weiyuan,29.581,104.5053,icon,2026-08-14,1.0,00:00,52.7,0.5068359375,0.74072265625,0.712890625,0.0,2026-08-14T18:00:00Z
weiyuan,29.581,104.5053,icon,2026-08-14,2.0,01:00,77.8,0.224609375,0.7470703125,0.75390625,0.0,2026-08-14T19:00:00Z
weiyuan,29.581,104.5053,icon,2026-08-14,3.0,02:00,92.7,0.05682373046875,0.76611328125,0.76708984375,0.0,2026-08-14T20:00:00Z
weiyuan,29.581,104.5053,icon,2026-08-14,4.0,03:00,97.9,0.0,0.78125,0.79443359375,0.0,2026-08-14T21:00:00Z
weiyuan,29.581,104.5053,icon,2026-08-14,5.0,04:00,97.4,0.005130767822265625,0.775390625,0.78955078125,0.0,2026-08-14T22:00:00Z
weiyuan,29.581,104.5053,icon,2026-08-14,6.0,05:00,93.8,0.044677734375,0.7607421875,0.78369140625,0.0,2026-08-14T23:00:00Z
weiyuan,29.581,104.5053,icon,2026-08-15,7.0,06:00,69.6,0.320068359375,0.76611328125,0.78271484375,0.0,2026-08-15T00:00:00Z
weiyuan,29.581,104.5053,icon,2026-08-15,8.0,07:00,73.1,0.281494140625,0.77099609375,0.7958984375,0.0,2026-08-15T01:00:00Z
weiyuan,29.581,104.5053,icon,2026-08-15,9.0,08:00,54.9,0.48974609375,0.77099609375,0.8251953125,0.0,2026-08-15T02:00:00Z
weiyuan,29.581,104.5053,icon,2026-08-15,10.0,09:00,29.2,0.7822265625,0.7666015625,0.84619140625,0.0,2026-08-15T03:00:00Z
weiyuan,29.581,104.5053,icon,2026-08-15,11.0,10:00,22.3,0.86181640625,0.76171875,0.8671875,0.0,2026-08-15T04:00:00Z
weiyuan,29.581,104.5053,icon,2026-08-15,12.0,11:00,26.6,0.81396484375,0.755859375,0.892578125,0.0,2026-08-15T05:00:00Z
weiyuan,29.581,104.5053,icon,2026-08-15,13.0,12:00,32.3,0.74853515625,0.755859375,0.8916015625,0.0,2026-08-15T06:00:00Z
weiyuan,29.581,104.5053,icon,2026-08-15,14.0,13:00,37.4,0.693359375,0.77197265625,0.908203125,0.0,2026-08-15T07:00:00Z
weiyuan,29.581,104.5053,icon,2026-08-15,15.0,14:00,34.5,0.7275390625,0.78759765625,0.92431640625,0.0,2026-08-15T08:00:00Z
weiyuan,29.581,104.5053,icon,2026-08-15,16.0,15:00,39.2,0.673828125,0.787109375,0.9169921875,0.0,2026-08-15T09:00:00Z
weiyuan,29.581,104.5053,icon,2026-08-15,17.0,16:00,51.2,0.537109375,0.78271484375,0.916015625,0.0,2026-08-15T10:00:00Z
weiyuan,29.581,104.5053,icon,2026-08-15,18.0,17:00,87.7,0.1236572265625,0.78662109375,0.92724609375,0.0,2026-08-15T11:00:00Z
weiyuan,29.581,104.5053,icon,2026-08-15,19.0,18:00,55.1,0.49462890625,0.78662109375,0.939453125,0.0,2026-08-15T12:00:00Z
weiyuan,29.581,104.5053,icon,2026-08-15,20.0,19:00,87.9,0.12176513671875,0.78662109375,0.9443359375,0.0,2026-08-15T13:00:00Z
weiyuan,29.581,104.5053,icon,2026-08-15,21.0,20:00,70.8,0.3173828125,0.78271484375,0.9541015625,0.0,2026-08-15T14:00:00Z
weiyuan,29.581,104.5053,icon,2026-08-15,22.0,21:00,51.9,0.53173828125,0.77197265625,0.96435546875,0.0,2026-08-15T15:00:00Z
weiyuan,29.581,104.5053,icon,2026-08-15,23.0,22:00,69.1,0.3359375,0.771484375,0.96484375,0.0,2026-08-15T16:00:00Z
weiyuan,29.581,104.5053,icon,2026-08-15,24.0,23:00,46.4,0.59423828125,0.771484375,0.97216796875,0.0,2026-08-15T17:00:00Z
weiyuan,29.581,104.5053,icon,2026-08-15,1.0,00:00,39.4,0.673828125,0.7666015625,0.96923828125,0.0,2026-08-15T18:00:00Z
weiyuan,29.581,104.5053,icon,2026-08-15,2.0,01:00,27.8,0.802734375,0.7275390625,0.95703125,0.0,2026-08-15T19:00:00Z
weiyuan,29.581,104.5053,icon,2026-08-15,3.0,02:00,25.9,0.8251953125,0.7373046875,0.9560546875,0.0,2026-08-15T20:00:00Z
weiyuan,29.581,104.5053,icon,2026-08-15,4.0,03:00,26.7,0.81591796875,0.7373046875,0.962890625,0.0,2026-08-15T21:00:00Z
weiyuan,29.581,104.5053,icon,2026-08-15,5.0,04:00,29.7,0.7822265625,0.7373046875,0.96240234375,0.0,2026-08-15T22:00:00Z
weiyuan,29.581,104.5053,icon,2026-08-15,6.0,05:00,28.4,0.79638671875,0.7275390625,0.97119140625,0.0,2026-08-15T23:00:00Z
weiyuan,29.581,104.5053,ifs,2026-08-13,7.0,06:00,54.5,0.468505859375,0.497314453125,0.650390625,0.0,2026-08-13T00:00:00Z
weiyuan,29.581,104.5053,ifs,2026-08-13,8.0,07:00,57.2,0.43115234375,0.488525390625,0.53759765625,0.0,2026-08-13T01:00:00Z
weiyuan,29.581,104.5053,ifs,2026-08-13,9.0,08:00,86.7,0.09820556640625,0.486328125,0.57958984375,0.0,2026-08-13T02:00:00Z
weiyuan,29.581,104.5053,ifs,2026-08-13,10.0,09:00,93.2,0.0269317626953125,0.47119140625,0.6435546875,0.0,2026-08-13T03:00:00Z
weiyuan,29.581,104.5053,ifs,2026-08-13,11.0,10:00,87.2,0.09515380859375,0.477783203125,0.6484375,0.0,2026-08-13T04:00:00Z
weiyuan,29.581,104.5053,ifs,2026-08-13,12.0,11:00,71.6,0.273193359375,0.489990234375,0.64453125,0.0,2026-08-13T05:00:00Z
weiyuan,29.581,104.5053,ifs,2026-08-13,13.0,12:00,76.2,0.220458984375,0.490234375,0.63818359375,0.0,2026-08-13T06:00:00Z
weiyuan,29.581,104.5053,ifs,2026-08-13,14.0,13:00,92.3,0.0304718017578125,0.3759765625,0.61669921875,0.0,2026-08-13T07:00:00Z
weiyuan,29.581,104.5053,ifs,2026-08-13,15.0,14:00,93.3,0.017181396484375,0.385986328125,0.5849609375,0.0,2026-08-13T08:00:00Z
weiyuan,29.581,104.5053,ifs,2026-08-13,16.0,15:00,93.1,0.02008056640625,0.4013671875,0.56201171875,0.0,2026-08-13T09:00:00Z
weiyuan,29.581,104.5053,ifs,2026-08-13,17.0,16:00,93.1,0.0229949951171875,0.423583984375,0.603515625,0.0,2026-08-13T10:00:00Z
weiyuan,29.581,104.5053,ifs,2026-08-13,18.0,17:00,93.2,0.0240631103515625,0.443359375,0.6357421875,0.0,2026-08-13T11:00:00Z
weiyuan,29.581,104.5053,ifs,2026-08-13,19.0,18:00,91.6,0.041961669921875,0.466552734375,0.57861328125,0.0,2026-08-13T12:00:00Z
weiyuan,29.581,104.5053,ifs,2026-08-13,20.0,19:00,93.1,0.023101806640625,0.501953125,0.51171875,0.0,2026-08-13T13:00:00Z
weiyuan,29.581,104.5053,ifs,2026-08-13,21.0,20:00,90.9,0.041961669921875,0.52978515625,0.392333984375,0.0,2026-08-13T14:00:00Z
weiyuan,29.581,104.5053,ifs,2026-08-13,22.0,21:00,91.7,0.041961669921875,0.54052734375,0.53564453125,0.0,2026-08-13T15:00:00Z
weiyuan,29.581,104.5053,ifs,2026-08-13,23.0,22:00,93.4,0.0211944580078125,0.55126953125,0.509765625,0.0,2026-08-13T16:00:00Z
weiyuan,29.581,104.5053,ifs,2026-08-13,24.0,23:00,94.5,0.004863739013671875,0.5478515625,0.44091796875,0.0,2026-08-13T17:00:00Z
weiyuan,29.581,104.5053,ifs,2026-08-13,1.0,00:00,94.4,0.0029201507568359375,0.54443359375,0.37841796875,0.0,2026-08-13T18:00:00Z
weiyuan,29.581,104.5053,ifs,2026-08-13,2.0,01:00,93.6,0.004863739013671875,0.36279296875,0.43017578125,0.0,2026-08-13T19:00:00Z
weiyuan,29.581,104.5053,ifs,2026-08-13,3.0,02:00,93.2,0.01259613037109375,0.36767578125,0.498046875,0.0,2026-08-13T20:00:00Z
weiyuan,29.581,104.5053,ifs,2026-08-13,4.0,03:00,90.3,0.041961669921875,0.379638671875,0.41748046875,0.0,2026-08-13T21:00:00Z
weiyuan,29.581,104.5053,ifs,2026-08-13,5.0,04:00,91.4,0.0297698974609375,0.392822265625,0.412353515625,0.0,2026-08-13T22:00:00Z
weiyuan,29.581,104.5053,ifs,2026-08-13,6.0,05:00,89.1,0.057708740234375,0.400390625,0.431640625,0.0,2026-08-13T23:00:00Z
weiyuan,29.581,104.5053,ifs,2026-08-14,7.0,06:00,85.4,0.10162353515625,0.40283203125,0.454345703125,0.0,2026-08-14T00:00:00Z
weiyuan,29.581,104.5053,ifs,2026-08-14,8.0,07:00,90.3,0.042877197265625,0.402587890625,0.41015625,0.0,2026-08-14T01:00:00Z
weiyuan,29.581,104.5053,ifs,2026-08-14,9.0,08:00,93.9,0.0019483566284179688,0.413818359375,0.402099609375,0.0,2026-08-14T02:00:00Z
weiyuan,29.581,104.5053,ifs,2026-08-14,10.0,09:00,79.5,0.1724853515625,0.436767578125,0.50244140625,0.0,2026-08-14T03:00:00Z
weiyuan,29.581,104.5053,ifs,2026-08-14,11.0,10:00,64.1,0.348876953125,0.439453125,0.5283203125,0.0,2026-08-14T04:00:00Z
weiyuan,29.581,104.5053,ifs,2026-08-14,12.0,11:00,25.0,0.3740234375,0.431640625,0.5537109375,0.0,2026-08-14T05:00:00Z
weiyuan,29.581,104.5053,ifs,2026-08-14,13.0,12:00,25.0,0.39599609375,0.4326171875,0.54931640625,0.0,2026-08-14T06:00:00Z
weiyuan,29.581,104.5053,ifs,2026-08-14,14.0,13:00,25.0,0.208984375,0.35791015625,0.57861328125,0.0,2026-08-14T07:00:00Z
weiyuan,29.581,104.5053,ifs,2026-08-14,15.0,14:00,81.1,0.154052734375,0.350830078125,0.58154296875,0.0,2026-08-14T08:00:00Z
weiyuan,29.581,104.5053,ifs,2026-08-14,16.0,15:00,86.3,0.09295654296875,0.350830078125,0.5517578125,0.0,2026-08-14T09:00:00Z
weiyuan,29.581,104.5053,ifs,2026-08-14,17.0,16:00,78.2,0.1815185546875,0.3486328125,0.494873046875,0.0,2026-08-14T10:00:00Z
weiyuan,29.581,104.5053,ifs,2026-08-14,18.0,17:00,75.2,0.2181396484375,0.343505859375,0.52880859375,0.0,2026-08-14T11:00:00Z
weiyuan,29.581,104.5053,ifs,2026-08-14,19.0,18:00,83.4,0.1314697265625,0.364013671875,0.62548828125,0.0,2026-08-14T12:00:00Z
weiyuan,29.581,104.5053,ifs,2026-08-14,20.0,19:00,88.7,0.0655517578125,0.388671875,0.50146484375,0.0,2026-08-14T13:00:00Z
weiyuan,29.581,104.5053,ifs,2026-08-14,21.0,20:00,91.1,0.0298614501953125,0.41015625,0.323974609375,0.0,2026-08-14T14:00:00Z
weiyuan,29.581,104.5053,ifs,2026-08-14,22.0,21:00,90.1,0.0462646484375,0.424560546875,0.418212890625,0.0,2026-08-14T15:00:00Z
weiyuan,29.581,104.5053,ifs,2026-08-14,23.0,22:00,90.1,0.04876708984375,0.448486328125,0.432861328125,0.0,2026-08-14T16:00:00Z
weiyuan,29.581,104.5053,ifs,2026-08-14,24.0,23:00,92.2,0.0232086181640625,0.45751953125,0.40234375,0.0,2026-08-14T17:00:00Z
weiyuan,29.581,104.5053,ifs,2026-08-14,1.0,00:00,92.3,0.0211944580078125,0.485595703125,0.350341796875,0.0,2026-08-14T18:00:00Z
weiyuan,29.581,104.5053,ifs,2026-08-14,2.0,01:00,91.9,0.0211944580078125,0.394775390625,0.3486328125,0.0,2026-08-14T19:00:00Z
weiyuan,29.581,104.5053,ifs,2026-08-14,3.0,02:00,93.2,0.0029201507568359375,0.356201171875,0.3505859375,0.0,2026-08-14T20:00:00Z
weiyuan,29.581,104.5053,ifs,2026-08-14,4.0,03:00,93.3,0.0029201507568359375,0.333740234375,0.382080078125,0.0,2026-08-14T21:00:00Z
weiyuan,29.581,104.5053,ifs,2026-08-14,5.0,04:00,93.2,0.0038928985595703125,0.322509765625,0.381103515625,0.0,2026-08-14T22:00:00Z
weiyuan,29.581,104.5053,ifs,2026-08-14,6.0,05:00,93.5,0.0009746551513671875,0.332763671875,0.38916015625,0.0,2026-08-14T23:00:00Z
weiyuan,29.581,104.5053,ifs,2026-08-15,7.0,06:00,93.4,0.0,0.341064453125,0.34228515625,0.0,2026-08-15T00:00:00Z
weiyuan,29.581,104.5053,ifs,2026-08-15,8.0,07:00,93.6,0.0,0.3212890625,0.390869140625,0.0,2026-08-15T01:00:00Z
weiyuan,29.581,104.5053,ifs,2026-08-15,9.0,08:00,83.2,0.1212158203125,0.312255859375,0.474853515625,0.0,2026-08-15T02:00:00Z
weiyuan,29.581,104.5053,ifs,2026-08-15,10.0,09:00,60.6,0.380859375,0.318603515625,0.50634765625,0.0,2026-08-15T03:00:00Z
weiyuan,29.581,104.5053,ifs,2026-08-15,11.0,10:00,61.7,0.371826171875,0.32763671875,0.5478515625,0.0,2026-08-15T04:00:00Z
weiyuan,29.581,104.5053,ifs,2026-08-15,12.0,11:00,57.0,0.42431640625,0.326171875,0.5302734375,0.0,2026-08-15T05:00:00Z
weiyuan,29.581,104.5053,ifs,2026-08-15,13.0,12:00,65.1,0.330078125,0.32177734375,0.51708984375,0.0,2026-08-15T06:00:00Z
weiyuan,29.581,104.5053,ifs,2026-08-15,14.0,13:00,25.0,0.314453125,0.361572265625,0.58154296875,0.0,2026-08-15T07:00:00Z
weiyuan,29.581,104.5053,ifs,2026-08-15,15.0,14:00,25.0,0.136962890625,0.34375,0.6298828125,0.0,2026-08-15T08:00:00Z
weiyuan,29.581,104.5053,ifs,2026-08-15,16.0,15:00,71.8,0.261474609375,0.33935546875,0.61962890625,0.0,2026-08-15T09:00:00Z
weiyuan,29.581,104.5053,ifs,2026-08-15,17.0,16:00,83.2,0.1279296875,0.30615234375,0.5966796875,0.0,2026-08-15T10:00:00Z
weiyuan,29.581,104.5053,ifs,2026-08-15,18.0,17:00,61.8,0.365234375,0.291748046875,0.498779296875,0.0,2026-08-15T11:00:00Z
weiyuan,29.581,104.5053,ifs,2026-08-15,19.0,18:00,56.8,0.41796875,0.278076171875,0.431884765625,0.0,2026-08-15T12:00:00Z
weiyuan,29.581,104.5053,ifs,2026-08-15,20.0,19:00,53.1,0.4619140625,0.296875,0.455810546875,0.0,2026-08-15T13:00:00Z
weiyuan,29.581,104.5053,ifs,2026-08-15,21.0,20:00,73.9,0.220458984375,0.31201171875,0.353759765625,0.0,2026-08-15T14:00:00Z
weiyuan,29.581,104.5053,ifs,2026-08-15,22.0,21:00,74.9,0.2127685546875,0.3369140625,0.3837890625,0.0,2026-08-15T15:00:00Z
weiyuan,29.581,104.5053,ifs,2026-08-15,23.0,22:00,67.6,0.296142578125,0.294189453125,0.4501953125,0.0,2026-08-15T16:00:00Z
weiyuan,29.581,104.5053,ifs,2026-08-15,24.0,23:00,84.9,0.09368896484375,0.224853515625,0.39306640625,0.0,2026-08-15T17:00:00Z
weiyuan,29.581,104.5053,ifs,2026-08-15,1.0,00:00,85.4,0.0947265625,0.333251953125,0.402587890625,0.0,2026-08-15T18:00:00Z
weiyuan,29.581,104.5053,ifs,2026-08-15,2.0,01:00,82.8,0.12200927734375,0.273193359375,0.43408203125,0.0,2026-08-15T19:00:00Z
weiyuan,29.581,104.5053,ifs,2026-08-15,3.0,02:00,75.1,0.20654296875,0.2252197265625,0.418212890625,0.0,2026-08-15T20:00:00Z
weiyuan,29.581,104.5053,ifs,2026-08-15,4.0,03:00,66.3,0.30517578125,0.24169921875,0.388916015625,0.0,2026-08-15T21:00:00Z
weiyuan,29.581,104.5053,ifs,2026-08-15,5.0,04:00,67.3,0.296875,0.325927734375,0.36083984375,0.0,2026-08-15T22:00:00Z
weiyuan,29.581,104.5053,ifs,2026-08-15,6.0,05:00,85.5,0.0958251953125,0.373291015625,0.415771484375,0.0,2026-08-15T23:00:00Z
chengdu,30.67,104.06,icon,2026-08-13,6.9,06:00,27.6,0.7958984375,0.74609375,0.7783203125,0.0,2026-08-13T00:00:00Z
chengdu,30.67,104.06,icon,2026-08-13,7.9,07:00,32.9,0.734375,0.744140625,0.76318359375,0.0,2026-08-13T01:00:00Z
chengdu,30.67,104.06,icon,2026-08-13,8.9,08:00,32.0,0.74267578125,0.744140625,0.73095703125,0.0,2026-08-13T02:00:00Z
chengdu,30.67,104.06,icon,2026-08-13,9.9,09:00,27.4,0.7939453125,0.7373046875,0.70947265625,0.0,2026-08-13T03:00:00Z
chengdu,30.67,104.06,icon,2026-08-13,10.9,10:00,22.9,0.8505859375,0.7373046875,0.80224609375,0.0,2026-08-13T04:00:00Z
chengdu,30.67,104.06,icon,2026-08-13,11.9,11:00,28.3,0.7880859375,0.73876953125,0.79736328125,0.0,2026-08-13T05:00:00Z
chengdu,30.67,104.06,icon,2026-08-13,12.9,12:00,38.2,0.6748046875,0.74072265625,0.77978515625,0.0,2026-08-13T06:00:00Z
chengdu,30.67,104.06,icon,2026-08-13,13.9,13:00,46.6,0.58154296875,0.7744140625,0.7744140625,0.0,2026-08-13T07:00:00Z
chengdu,30.67,104.06,icon,2026-08-13,14.9,14:00,55.8,0.476318359375,0.77294921875,0.77685546875,0.0,2026-08-13T08:00:00Z
chengdu,30.67,104.06,icon,2026-08-13,15.9,15:00,73.2,0.278564453125,0.7666015625,0.77001953125,0.0,2026-08-13T09:00:00Z
chengdu,30.67,104.06,icon,2026-08-13,16.9,16:00,52.1,0.517578125,0.74755859375,0.78076171875,0.0,2026-08-13T10:00:00Z
chengdu,30.67,104.06,icon,2026-08-13,17.9,17:00,41.2,0.642578125,0.74560546875,0.7958984375,0.0,2026-08-13T11:00:00Z
chengdu,30.67,104.06,icon,2026-08-13,18.9,18:00,40.4,0.64990234375,0.73876953125,0.79248046875,0.0,2026-08-13T12:00:00Z
chengdu,30.67,104.06,icon,2026-08-13,19.9,19:00,30.0,0.76708984375,0.7490234375,0.7548828125,0.0,2026-08-13T13:00:00Z
chengdu,30.67,104.06,icon,2026-08-13,20.9,20:00,34.6,0.7109375,0.7470703125,0.6875,0.0,2026-08-13T14:00:00Z
chengdu,30.67,104.06,icon,2026-08-13,21.9,21:00,30.7,0.75146484375,0.75439453125,0.6220703125,0.0,2026-08-13T15:00:00Z
chengdu,30.67,104.06,icon,2026-08-13,22.9,22:00,45.2,0.5849609375,0.74267578125,0.60205078125,0.0,2026-08-13T16:00:00Z
chengdu,30.67,104.06,icon,2026-08-13,23.9,23:00,40.2,0.642578125,0.736328125,0.623046875,0.0,2026-08-13T17:00:00Z
chengdu,30.67,104.06,icon,2026-08-13,0.9,00:00,46.4,0.57421875,0.72509765625,0.66552734375,0.0,2026-08-13T18:00:00Z
chengdu,30.67,104.06,icon,2026-08-13,1.9,01:00,43.9,0.60205078125,0.69775390625,0.68408203125,0.0,2026-08-13T19:00:00Z
chengdu,30.67,104.06,icon,2026-08-13,2.9,02:00,49.4,0.53857421875,0.71630859375,0.6513671875,0.0,2026-08-13T20:00:00Z
chengdu,30.67,104.06,icon,2026-08-13,3.9,03:00,70.7,0.2998046875,0.73388671875,0.6845703125,0.0,2026-08-13T21:00:00Z
chengdu,30.67,104.06,icon,2026-08-13,4.9,04:00,64.4,0.371826171875,0.72265625,0.7119140625,0.0,2026-08-13T22:00:00Z
chengdu,30.67,104.06,icon,2026-08-13,5.9,05:00,50.4,0.53564453125,0.74365234375,0.75732421875,0.0,2026-08-13T23:00:00Z
chengdu,30.67,104.06,icon,2026-08-14,6.9,06:00,40.2,0.654296875,0.7744140625,0.77734375,0.0,2026-08-14T00:00:00Z
chengdu,30.67,104.06,icon,2026-08-14,7.9,07:00,36.0,0.70458984375,0.80029296875,0.802734375,0.0,2026-08-14T01:00:00Z
chengdu,30.67,104.06,icon,2026-08-14,8.9,08:00,31.5,0.7587890625,0.8076171875,0.8408203125,0.0,2026-08-14T02:00:00Z
chengdu,30.67,104.06,icon,2026-08-14,9.9,09:00,28.3,0.79443359375,0.796875,0.85400390625,0.0,2026-08-14T03:00:00Z
chengdu,30.67,104.06,icon,2026-08-14,10.9,10:00,39.5,0.66943359375,0.796875,0.88037109375,0.0,2026-08-14T04:00:00Z
chengdu,30.67,104.06,icon,2026-08-14,11.9,11:00,37.0,0.7001953125,0.802734375,0.91748046875,0.0,2026-08-14T05:00:00Z
chengdu,30.67,104.06,icon,2026-08-14,12.9,12:00,31.3,0.76611328125,0.81689453125,0.919921875,0.0,2026-08-14T06:00:00Z
chengdu,30.67,104.06,icon,2026-08-14,13.9,13:00,30.4,0.7763671875,0.83740234375,0.90380859375,0.0,2026-08-14T07:00:00Z
chengdu,30.67,104.06,icon,2026-08-14,14.9,14:00,35.3,0.71923828125,0.8388671875,0.88427734375,0.0,2026-08-14T08:00:00Z
chengdu,30.67,104.06,icon,2026-08-14,15.9,15:00,30.0,0.77392578125,0.81005859375,0.81201171875,0.0,2026-08-14T09:00:00Z
chengdu,30.67,104.06,icon,2026-08-14,16.9,16:00,22.7,0.84912109375,0.76611328125,0.72412109375,0.0,2026-08-14T10:00:00Z
chengdu,30.67,104.06,icon,2026-08-14,17.9,17:00,25.2,0.82080078125,0.74609375,0.736328125,0.0,2026-08-14T11:00:00Z
chengdu,30.67,104.06,icon,2026-08-14,18.9,18:00,33.8,0.72412109375,0.7421875,0.7548828125,0.0,2026-08-14T12:00:00Z
chengdu,30.67,104.06,icon,2026-08-14,19.9,19:00,28.3,0.787109375,0.75244140625,0.75048828125,0.0,2026-08-14T13:00:00Z
chengdu,30.67,104.06,icon,2026-08-14,20.9,20:00,30.2,0.76416015625,0.744140625,0.740234375,0.0,2026-08-14T14:00:00Z
chengdu,30.67,104.06,icon,2026-08-14,21.9,21:00,29.9,0.7666015625,0.75390625,0.7197265625,0.0,2026-08-14T15:00:00Z
chengdu,30.67,104.06,icon,2026-08-14,22.9,22:00,25.3,0.81982421875,0.755859375,0.72412109375,0.0,2026-08-14T16:00:00Z
chengdu,30.67,104.06,icon,2026-08-14,23.9,23:00,20.6,0.8740234375,0.76904296875,0.7431640625,0.0,2026-08-14T17:00:00Z
chengdu,30.67,104.06,icon,2026-08-14,0.9,00:00,19.1,0.89208984375,0.7744140625,0.7587890625,0.0,2026-08-14T18:00:00Z
chengdu,30.67,104.06,icon,2026-08-14,1.9,01:00,21.6,0.8642578125,0.76416015625,0.76318359375,0.0,2026-08-14T19:00:00Z
chengdu,30.67,104.06,icon,2026-08-14,2.9,02:00,21.9,0.86181640625,0.7724609375,0.765625,0.0,2026-08-14T20:00:00Z
chengdu,30.67,104.06,icon,2026-08-14,3.9,03:00,22.2,0.8583984375,0.7724609375,0.77197265625,0.0,2026-08-14T21:00:00Z
chengdu,30.67,104.06,icon,2026-08-14,4.9,04:00,23.3,0.845703125,0.77099609375,0.77587890625,0.0,2026-08-14T22:00:00Z
chengdu,30.67,104.06,icon,2026-08-14,5.9,05:00,21.8,0.86279296875,0.765625,0.78271484375,0.0,2026-08-14T23:00:00Z
chengdu,30.67,104.06,icon,2026-08-15,6.9,06:00,21.4,0.86962890625,0.755859375,0.8232421875,0.0,2026-08-15T00:00:00Z
chengdu,30.67,104.06,icon,2026-08-15,7.9,07:00,21.4,0.87109375,0.755859375,0.85791015625,0.0,2026-08-15T01:00:00Z
chengdu,30.67,104.06,icon,2026-08-15,8.9,08:00,20.9,0.87744140625,0.755859375,0.8681640625,0.0,2026-08-15T02:00:00Z
chengdu,30.67,104.06,icon,2026-08-15,9.9,09:00,22.3,0.86279296875,0.75244140625,0.8896484375,0.0,2026-08-15T03:00:00Z
chengdu,30.67,104.06,icon,2026-08-15,10.9,10:00,23.9,0.84619140625,0.75244140625,0.91845703125,0.0,2026-08-15T04:00:00Z
chengdu,30.67,104.06,icon,2026-08-15,11.9,11:00,23.4,0.85205078125,0.75244140625,0.9326171875,0.0,2026-08-15T05:00:00Z
chengdu,30.67,104.06,icon,2026-08-15,12.9,12:00,22.1,0.8671875,0.76123046875,0.9228515625,0.0,2026-08-15T06:00:00Z
chengdu,30.67,104.06,icon,2026-08-15,13.9,13:00,19.4,0.89794921875,0.77099609375,0.91650390625,0.0,2026-08-15T07:00:00Z
chengdu,30.67,104.06,icon,2026-08-15,14.9,14:00,20.5,0.88525390625,0.77099609375,0.916015625,0.0,2026-08-15T08:00:00Z
chengdu,30.67,104.06,icon,2026-08-15,15.9,15:00,18.7,0.90673828125,0.7646484375,0.92138671875,0.0,2026-08-15T09:00:00Z
chengdu,30.67,104.06,icon,2026-08-15,16.9,16:00,20.1,0.89013671875,0.7607421875,0.92919921875,0.0,2026-08-15T10:00:00Z
chengdu,30.67,104.06,icon,2026-08-15,17.9,17:00,21.6,0.87451171875,0.7646484375,0.939453125,0.0,2026-08-15T11:00:00Z
chengdu,30.67,104.06,icon,2026-08-15,18.9,18:00,22.8,0.8603515625,0.75927734375,0.93798828125,0.0,2026-08-15T12:00:00Z
chengdu,30.67,104.06,icon,2026-08-15,19.9,19:00,22.8,0.85986328125,0.751953125,0.9306640625,0.0,2026-08-15T13:00:00Z
chengdu,30.67,104.06,icon,2026-08-15,20.9,20:00,26.2,0.8193359375,0.744140625,0.93115234375,0.0,2026-08-15T14:00:00Z
chengdu,30.67,104.06,icon,2026-08-15,21.9,21:00,25.3,0.830078125,0.7294921875,0.94580078125,0.0,2026-08-15T15:00:00Z
chengdu,30.67,104.06,icon,2026-08-15,22.9,22:00,23.5,0.85009765625,0.72607421875,0.9423828125,0.0,2026-08-15T16:00:00Z
chengdu,30.67,104.06,icon,2026-08-15,23.9,23:00,22.5,0.861328125,0.72607421875,0.935546875,0.0,2026-08-15T17:00:00Z
chengdu,30.67,104.06,icon,2026-08-15,0.9,00:00,20.2,0.88818359375,0.7314453125,0.93359375,0.0,2026-08-15T18:00:00Z
chengdu,30.67,104.06,icon,2026-08-15,1.9,01:00,19.6,0.89599609375,0.76416015625,0.9287109375,0.0,2026-08-15T19:00:00Z
chengdu,30.67,104.06,icon,2026-08-15,2.9,02:00,19.5,0.8974609375,0.75732421875,0.9306640625,0.0,2026-08-15T20:00:00Z
chengdu,30.67,104.06,icon,2026-08-15,3.9,03:00,19.6,0.89697265625,0.75537109375,0.9384765625,0.0,2026-08-15T21:00:00Z
chengdu,30.67,104.06,icon,2026-08-15,4.9,04:00,19.7,0.89453125,0.75537109375,0.93115234375,0.0,2026-08-15T22:00:00Z
chengdu,30.67,104.06,icon,2026-08-15,5.9,05:00,20.1,0.88916015625,0.7607421875,0.90966796875,0.0,2026-08-15T23:00:00Z
chengdu,30.67,104.06,ifs,2026-08-13,6.9,06:00,57.2,0.42724609375,0.34375,0.61572265625,0.0,2026-08-13T00:00:00Z
chengdu,30.67,104.06,ifs,2026-08-13,7.9,07:00,80.0,0.160888671875,0.305908203125,0.52392578125,0.0,2026-08-13T01:00:00Z
chengdu,30.67,104.06,ifs,2026-08-13,8.9,08:00,77.3,0.19287109375,0.309326171875,0.5498046875,0.0,2026-08-13T02:00:00Z
chengdu,30.67,104.06,ifs,2026-08-13,9.9,09:00,63.5,0.3486328125,0.337890625,0.494384765625,0.0,2026-08-13T03:00:00Z
chengdu,30.67,104.06,ifs,2026-08-13,10.9,10:00,25.0,0.388671875,0.35498046875,0.434326171875,0.0,2026-08-13T04:00:00Z
chengdu,30.67,104.06,ifs,2026-08-13,11.9,11:00,25.0,0.427734375,0.359130859375,0.4619140625,0.0,2026-08-13T05:00:00Z
chengdu,30.67,104.06,ifs,2026-08-13,12.9,12:00,25.0,0.445068359375,0.3583984375,0.42041015625,0.0,2026-08-13T06:00:00Z
chengdu,30.67,104.06,ifs,2026-08-13,13.9,13:00,60.1,0.3857421875,0.42822265625,0.385498046875,0.0,2026-08-13T07:00:00Z
chengdu,30.67,104.06,ifs,2026-08-13,14.9,14:00,57.6,0.416748046875,0.4287109375,0.426513671875,0.0,2026-08-13T08:00:00Z
chengdu,30.67,104.06,ifs,2026-08-13,15.9,15:00,54.8,0.4541015625,0.451171875,0.48681640625,0.0,2026-08-13T09:00:00Z
chengdu,30.67,104.06,ifs,2026-08-13,16.9,16:00,77.8,0.1966552734375,0.4638671875,0.54248046875,0.0,2026-08-13T10:00:00Z
chengdu,30.67,104.06,ifs,2026-08-13,17.9,17:00,84.2,0.126220703125,0.47900390625,0.59716796875,0.0,2026-08-13T11:00:00Z
chengdu,30.67,104.06,ifs,2026-08-13,18.9,18:00,73.4,0.2476806640625,0.479736328125,0.552734375,0.0,2026-08-13T12:00:00Z
chengdu,30.67,104.06,ifs,2026-08-13,19.9,19:00,85.1,0.1099853515625,0.469482421875,0.487548828125,0.0,2026-08-13T13:00:00Z
chengdu,30.67,104.06,ifs,2026-08-13,20.9,20:00,94.2,0.005832672119140625,0.462158203125,0.477294921875,0.0,2026-08-13T14:00:00Z
chengdu,30.67,104.06,ifs,2026-08-13,21.9,21:00,94.3,0.0,0.47705078125,0.387939453125,0.0,2026-08-13T15:00:00Z
chengdu,30.67,104.06,ifs,2026-08-13,22.9,22:00,94.7,0.0,0.498779296875,0.439208984375,0.0,2026-08-13T16:00:00Z
chengdu,30.67,104.06,ifs,2026-08-13,23.9,23:00,94.9,0.0,0.51025390625,0.4677734375,0.0,2026-08-13T17:00:00Z
chengdu,30.67,104.06,ifs,2026-08-13,0.9,00:00,94.9,0.0,0.5126953125,0.47216796875,0.0,2026-08-13T18:00:00Z
chengdu,30.67,104.06,ifs,2026-08-13,1.9,01:00,93.8,0.0,0.4033203125,0.353271484375,0.0,2026-08-13T19:00:00Z
chengdu,30.67,104.06,ifs,2026-08-13,2.9,02:00,94.1,0.0,0.40087890625,0.427978515625,0.0,2026-08-13T20:00:00Z
chengdu,30.67,104.06,ifs,2026-08-13,3.9,03:00,93.4,0.0009746551513671875,0.3994140625,0.305419921875,0.0,2026-08-13T21:00:00Z
chengdu,30.67,104.06,ifs,2026-08-13,4.9,04:00,93.2,0.0186920166015625,0.395263671875,0.5810546875,0.0,2026-08-13T22:00:00Z
chengdu,30.67,104.06,ifs,2026-08-13,5.9,05:00,87.7,0.08575439453125,0.405029296875,0.64599609375,0.0,2026-08-13T23:00:00Z
chengdu,30.67,104.06,ifs,2026-08-14,6.9,06:00,79.3,0.179443359375,0.417724609375,0.59814453125,0.0,2026-08-14T00:00:00Z
chengdu,30.67,104.06,ifs,2026-08-14,7.9,07:00,65.2,0.33837890625,0.42041015625,0.59033203125,0.0,2026-08-14T01:00:00Z
chengdu,30.67,104.06,ifs,2026-08-14,8.9,08:00,43.2,0.58935546875,0.404296875,0.60302734375,0.0,2026-08-14T02:00:00Z
chengdu,30.67,104.06,ifs,2026-08-14,9.9,09:00,32.6,0.70947265625,0.383544921875,0.62158203125,0.0,2026-08-14T03:00:00Z
chengdu,30.67,104.06,ifs,2026-08-14,10.9,10:00,66.9,0.318603515625,0.37109375,0.61376953125,0.0,2026-08-14T04:00:00Z
chengdu,30.67,104.06,ifs,2026-08-14,11.9,11:00,25.0,0.475341796875,0.369140625,0.53125,0.0,2026-08-14T05:00:00Z
chengdu,30.67,104.06,ifs,2026-08-14,12.9,12:00,25.0,0.238525390625,0.378173828125,0.5302734375,0.0,2026-08-14T06:00:00Z
chengdu,30.67,104.06,ifs,2026-08-14,13.9,13:00,71.1,0.267333984375,0.379150390625,0.53955078125,0.0,2026-08-14T07:00:00Z
chengdu,30.67,104.06,ifs,2026-08-14,14.9,14:00,54.0,0.4619140625,0.36962890625,0.552734375,0.0,2026-08-14T08:00:00Z
chengdu,30.67,104.06,ifs,2026-08-14,15.9,15:00,25.0,0.48193359375,0.371826171875,0.5595703125,0.0,2026-08-14T09:00:00Z
chengdu,30.67,104.06,ifs,2026-08-14,16.9,16:00,25.0,0.314697265625,0.392333984375,0.56640625,0.0,2026-08-14T10:00:00Z
chengdu,30.67,104.06,ifs,2026-08-14,17.9,17:00,86.4,0.09735107421875,0.40087890625,0.60400390625,0.0,2026-08-14T11:00:00Z
chengdu,30.67,104.06,ifs,2026-08-14,18.9,18:00,84.6,0.1163330078125,0.400146484375,0.57373046875,0.0,2026-08-14T12:00:00Z
chengdu,30.67,104.06,ifs,2026-08-14,19.9,19:00,86.3,0.0933837890625,0.396484375,0.5107421875,0.0,2026-08-14T13:00:00Z
chengdu,30.67,104.06,ifs,2026-08-14,20.9,20:00,86.2,0.09332275390625,0.433349609375,0.44970703125,0.0,2026-08-14T14:00:00Z
chengdu,30.67,104.06,ifs,2026-08-14,21.9,21:00,76.1,0.208251953125,0.462890625,0.426025390625,0.0,2026-08-14T15:00:00Z
chengdu,30.67,104.06,ifs,2026-08-14,22.9,22:00,63.6,0.352783203125,0.45361328125,0.466552734375,0.0,2026-08-14T16:00:00Z
chengdu,30.67,104.06,ifs,2026-08-14,23.9,23:00,64.3,0.341796875,0.445556640625,0.435791015625,0.0,2026-08-14T17:00:00Z
chengdu,30.67,104.06,ifs,2026-08-14,0.9,00:00,57.3,0.419189453125,0.459228515625,0.383056640625,0.0,2026-08-14T18:00:00Z
chengdu,30.67,104.06,ifs,2026-08-14,1.9,01:00,79.9,0.1512451171875,0.21533203125,0.4384765625,0.0,2026-08-14T19:00:00Z
chengdu,30.67,104.06,ifs,2026-08-14,2.9,02:00,85.8,0.08624267578125,0.195068359375,0.47265625,0.0,2026-08-14T20:00:00Z
chengdu,30.67,104.06,ifs,2026-08-14,3.9,03:00,78.4,0.169189453125,0.172119140625,0.496826171875,0.0,2026-08-14T21:00:00Z
chengdu,30.67,104.06,ifs,2026-08-14,4.9,04:00,77.6,0.1785888671875,0.172119140625,0.495849609375,0.0,2026-08-14T22:00:00Z
chengdu,30.67,104.06,ifs,2026-08-14,5.9,05:00,77.8,0.1787109375,0.201904296875,0.488037109375,0.0,2026-08-14T23:00:00Z
chengdu,30.67,104.06,ifs,2026-08-15,6.9,06:00,77.8,0.174560546875,0.224853515625,0.401123046875,0.0,2026-08-15T00:00:00Z
chengdu,30.67,104.06,ifs,2026-08-15,7.9,07:00,77.8,0.1754150390625,0.238037109375,0.4091796875,0.0,2026-08-15T01:00:00Z
chengdu,30.67,104.06,ifs,2026-08-15,8.9,08:00,67.2,0.29736328125,0.2374267578125,0.450927734375,0.0,2026-08-15T02:00:00Z
chengdu,30.67,104.06,ifs,2026-08-15,9.9,09:00,25.0,0.460693359375,0.242431640625,0.4296875,0.0,2026-08-15T03:00:00Z
chengdu,30.67,104.06,ifs,2026-08-15,10.9,10:00,25.0,0.285400390625,0.2418212890625,0.4423828125,0.0,2026-08-15T04:00:00Z
chengdu,30.67,104.06,ifs,2026-08-15,11.9,11:00,47.8,0.5234375,0.228515625,0.5439453125,0.0,2026-08-15T05:00:00Z
chengdu,30.67,104.06,ifs,2026-08-15,12.9,12:00,25.0,0.67822265625,0.21484375,0.54345703125,0.0,2026-08-15T06:00:00Z
chengdu,30.67,104.06,ifs,2026-08-15,13.9,13:00,25.0,0.68115234375,0.283203125,0.44580078125,0.0,2026-08-15T07:00:00Z
chengdu,30.67,104.06,ifs,2026-08-15,14.9,14:00,33.2,0.6826171875,0.273193359375,0.396484375,0.0,2026-08-15T08:00:00Z
chengdu,30.67,104.06,ifs,2026-08-15,15.9,15:00,19.3,0.8505859375,0.2587890625,0.580078125,0.0,2026-08-15T09:00:00Z
chengdu,30.67,104.06,ifs,2026-08-15,16.9,16:00,25.0,0.75341796875,0.248779296875,0.6455078125,0.0,2026-08-15T10:00:00Z
chengdu,30.67,104.06,ifs,2026-08-15,17.9,17:00,25.0,0.6396484375,0.2396240234375,0.61279296875,0.0,2026-08-15T11:00:00Z
chengdu,30.67,104.06,ifs,2026-08-15,18.9,18:00,51.5,0.483154296875,0.2265625,0.5712890625,0.0,2026-08-15T12:00:00Z
chengdu,30.67,104.06,ifs,2026-08-15,19.9,19:00,60.4,0.3759765625,0.19677734375,0.5068359375,0.0,2026-08-15T13:00:00Z
chengdu,30.67,104.06,ifs,2026-08-15,20.9,20:00,38.8,0.61865234375,0.1707763671875,0.470458984375,0.0,2026-08-15T14:00:00Z
chengdu,30.67,104.06,ifs,2026-08-15,21.9,21:00,56.0,0.42626953125,0.28466796875,0.41796875,0.0,2026-08-15T15:00:00Z
chengdu,30.67,104.06,ifs,2026-08-15,22.9,22:00,62.2,0.360107421875,0.349365234375,0.42431640625,0.0,2026-08-15T16:00:00Z
chengdu,30.67,104.06,ifs,2026-08-15,23.9,23:00,60.2,0.388427734375,0.384033203125,0.486083984375,0.0,2026-08-15T17:00:00Z
chengdu,30.67,104.06,ifs,2026-08-15,0.9,00:00,70.5,0.276123046875,0.42333984375,0.5390625,0.0,2026-08-15T18:00:00Z
chengdu,30.67,104.06,ifs,2026-08-15,1.9,01:00,62.6,0.36181640625,0.34765625,0.54931640625,0.0,2026-08-15T19:00:00Z
chengdu,30.67,104.06,ifs,2026-08-15,2.9,02:00,67.7,0.305419921875,0.35595703125,0.55810546875,0.0,2026-08-15T20:00:00Z
chengdu,30.67,104.06,ifs,2026-08-15,3.9,03:00,47.3,0.54052734375,0.3916015625,0.58984375,0.0,2026-08-15T21:00:00Z
chengdu,30.67,104.06,ifs,2026-08-15,4.9,04:00,42.9,0.59228515625,0.435546875,0.57666015625,0.0,2026-08-15T22:00:00Z
chengdu,30.67,104.06,ifs,2026-08-15,5.9,05:00,25.0,0.52587890625,0.45947265625,0.611328125,0.0,2026-08-15T23:00:00Z
beijing,40.0,116.4,icon,2026-08-13,7.8,07:00,57.5,0.460693359375,0.802734375,0.8115234375,0.0,2026-08-13T00:00:00Z
beijing,40.0,116.4,icon,2026-08-13,8.8,08:00,45.9,0.59228515625,0.802734375,0.8046875,0.0,2026-08-13T01:00:00Z
beijing,40.0,116.4,icon,2026-08-13,9.8,09:00,30.8,0.76513671875,0.802734375,0.8212890625,0.0,2026-08-13T02:00:00Z
beijing,40.0,116.4,icon,2026-08-13,10.8,10:00,24.8,0.83056640625,0.7880859375,0.79833984375,0.0,2026-08-13T03:00:00Z
beijing,40.0,116.4,icon,2026-08-13,11.8,11:00,19.6,0.88818359375,0.7724609375,0.77294921875,0.0,2026-08-13T04:00:00Z
beijing,40.0,116.4,icon,2026-08-13,12.8,12:00,17.8,0.9091796875,0.7958984375,0.77490234375,0.0,2026-08-13T05:00:00Z
beijing,40.0,116.4,icon,2026-08-13,13.8,13:00,22.8,0.85693359375,0.81103515625,0.82275390625,0.0,2026-08-13T06:00:00Z
beijing,40.0,116.4,icon,2026-08-13,14.8,14:00,37.6,0.6904296875,0.8505859375,0.81494140625,0.0,2026-08-13T07:00:00Z
beijing,40.0,116.4,icon,2026-08-13,15.8,15:00,64.6,0.382568359375,0.86181640625,0.78662109375,0.0,2026-08-13T08:00:00Z
beijing,40.0,116.4,icon,2026-08-13,16.8,16:00,35.3,0.71533203125,0.869140625,0.7783203125,0.0,2026-08-13T09:00:00Z
beijing,40.0,116.4,icon,2026-08-13,17.8,17:00,42.3,0.63671875,0.88525390625,0.77783203125,0.0,2026-08-13T10:00:00Z
beijing,40.0,116.4,icon,2026-08-13,18.8,18:00,40.9,0.65234375,0.88525390625,0.78271484375,0.0,2026-08-13T11:00:00Z
beijing,40.0,116.4,icon,2026-08-13,19.8,19:00,76.4,0.24609375,0.86865234375,0.751953125,0.0,2026-08-13T12:00:00Z
beijing,40.0,116.4,icon,2026-08-13,20.8,20:00,52.3,0.51806640625,0.83984375,0.7412109375,0.0,2026-08-13T13:00:00Z
beijing,40.0,116.4,icon,2026-08-13,21.8,21:00,47.1,0.57568359375,0.81884765625,0.72314453125,0.0,2026-08-13T14:00:00Z
beijing,40.0,116.4,icon,2026-08-13,22.8,22:00,41.8,0.634765625,0.810546875,0.71337890625,0.0,2026-08-13T15:00:00Z
beijing,40.0,116.4,icon,2026-08-13,23.8,23:00,36.5,0.69580078125,0.83349609375,0.72021484375,0.0,2026-08-13T16:00:00Z
beijing,40.0,116.4,icon,2026-08-13,0.8,00:00,31.2,0.75537109375,0.833984375,0.69677734375,0.0,2026-08-13T17:00:00Z
beijing,40.0,116.4,icon,2026-08-13,1.8,01:00,28.8,0.7861328125,0.833984375,0.75537109375,0.0,2026-08-13T18:00:00Z
beijing,40.0,116.4,icon,2026-08-13,2.8,02:00,33.2,0.74072265625,0.8662109375,0.8037109375,0.0,2026-08-13T19:00:00Z
beijing,40.0,116.4,icon,2026-08-13,3.8,03:00,38.4,0.6796875,0.8505859375,0.802734375,0.0,2026-08-13T20:00:00Z
beijing,40.0,116.4,icon,2026-08-13,4.8,04:00,66.3,0.365234375,0.8505859375,0.84375,0.0,2026-08-13T21:00:00Z
beijing,40.0,116.4,icon,2026-08-13,5.8,05:00,78.7,0.226318359375,0.8515625,0.86474609375,0.0,2026-08-13T22:00:00Z
beijing,40.0,116.4,icon,2026-08-13,6.8,06:00,97.6,0.00933074951171875,0.84228515625,0.8427734375,0.0,2026-08-13T23:00:00Z
beijing,40.0,116.4,icon,2026-08-14,7.8,07:00,98.0,0.0012845993041992188,0.77978515625,0.83837890625,0.0,2026-08-14T00:00:00Z
beijing,40.0,116.4,icon,2026-08-14,8.8,08:00,98.1,0.003849029541015625,0.828125,0.849609375,0.0,2026-08-14T01:00:00Z
beijing,40.0,116.4,icon,2026-08-14,9.8,09:00,86.4,0.13671875,0.826171875,0.86279296875,0.0,2026-08-14T02:00:00Z
beijing,40.0,116.4,icon,2026-08-14,10.8,10:00,43.6,0.62109375,0.787109375,0.86669921875,0.0,2026-08-14T03:00:00Z
beijing,40.0,116.4,icon,2026-08-14,11.8,11:00,24.7,0.83740234375,0.7958984375,0.8798828125,0.0,2026-08-14T04:00:00Z
beijing,40.0,116.4,icon,2026-08-14,12.8,12:00,19.9,0.890625,0.77783203125,0.87939453125,0.0,2026-08-14T05:00:00Z
beijing,40.0,116.4,icon,2026-08-14,13.8,13:00,21.2,0.8720703125,0.72509765625,0.86767578125,0.0,2026-08-14T06:00:00Z
beijing,40.0,116.4,icon,2026-08-14,14.8,14:00,31.4,0.76171875,0.8203125,0.85693359375,0.0,2026-08-14T07:00:00Z
beijing,40.0,116.4,icon,2026-08-14,15.8,15:00,26.6,0.81591796875,0.828125,0.8525390625,0.0,2026-08-14T08:00:00Z
beijing,40.0,116.4,icon,2026-08-14,16.8,16:00,36.0,0.7080078125,0.81982421875,0.83984375,0.0,2026-08-14T09:00:00Z
beijing,40.0,116.4,icon,2026-08-14,17.8,17:00,32.8,0.74267578125,0.79345703125,0.84033203125,0.0,2026-08-14T10:00:00Z
beijing,40.0,116.4,icon,2026-08-14,18.8,18:00,39.1,0.67236328125,0.7861328125,0.8603515625,0.0,2026-08-14T11:00:00Z
beijing,40.0,116.4,icon,2026-08-14,19.8,19:00,38.3,0.681640625,0.7919921875,0.8720703125,0.0,2026-08-14T12:00:00Z
beijing,40.0,116.4,icon,2026-08-14,20.8,20:00,41.8,0.640625,0.77783203125,0.84912109375,0.0,2026-08-14T13:00:00Z
beijing,40.0,116.4,icon,2026-08-14,21.8,21:00,33.3,0.7353515625,0.76220703125,0.83642578125,0.0,2026-08-14T14:00:00Z
beijing,40.0,116.4,icon,2026-08-14,22.8,22:00,29.8,0.7763671875,0.76220703125,0.8681640625,0.0,2026-08-14T15:00:00Z
beijing,40.0,116.4,icon,2026-08-14,23.8,23:00,30.1,0.7734375,0.74658203125,0.8916015625,0.0,2026-08-14T16:00:00Z
beijing,40.0,116.4,icon,2026-08-14,0.8,00:00,25.3,0.8291015625,0.7607421875,0.8935546875,0.0,2026-08-14T17:00:00Z
beijing,40.0,116.4,icon,2026-08-14,1.8,01:00,26.1,0.81982421875,0.7607421875,0.8837890625,0.0,2026-08-14T18:00:00Z
beijing,40.0,116.4,icon,2026-08-14,2.8,02:00,25.9,0.8232421875,0.802734375,0.86376953125,0.0,2026-08-14T19:00:00Z
beijing,40.0,116.4,icon,2026-08-14,3.8,03:00,25.8,0.82568359375,0.802734375,0.87744140625,0.0,2026-08-14T20:00:00Z
beijing,40.0,116.4,icon,2026-08-14,4.8,04:00,26.3,0.81787109375,0.802734375,0.85888671875,0.0,2026-08-14T21:00:00Z
beijing,40.0,116.4,icon,2026-08-14,5.8,05:00,25.5,0.82568359375,0.796875,0.8251953125,0.0,2026-08-14T22:00:00Z
beijing,40.0,116.4,icon,2026-08-14,6.8,06:00,25.0,0.83056640625,0.81201171875,0.7998046875,0.0,2026-08-14T23:00:00Z
beijing,40.0,116.4,icon,2026-08-15,7.8,07:00,23.9,0.8408203125,0.7783203125,0.802734375,0.0,2026-08-15T00:00:00Z
beijing,40.0,116.4,icon,2026-08-15,8.8,08:00,23.4,0.84521484375,0.75732421875,0.7978515625,0.0,2026-08-15T01:00:00Z
beijing,40.0,116.4,icon,2026-08-15,9.8,09:00,22.6,0.8544921875,0.7412109375,0.8115234375,0.0,2026-08-15T02:00:00Z
beijing,40.0,116.4,icon,2026-08-15,10.8,10:00,29.8,0.77392578125,0.73681640625,0.83935546875,0.0,2026-08-15T03:00:00Z
beijing,40.0,116.4,icon,2026-08-15,11.8,11:00,31.5,0.74853515625,0.66064453125,0.81787109375,0.0,2026-08-15T04:00:00Z
beijing,40.0,116.4,icon,2026-08-15,12.8,12:00,32.2,0.74072265625,0.64453125,0.826171875,0.0,2026-08-15T05:00:00Z
beijing,40.0,116.4,icon,2026-08-15,13.8,13:00,32.7,0.73681640625,0.646484375,0.85888671875,0.0,2026-08-15T06:00:00Z
beijing,40.0,116.4,icon,2026-08-15,14.8,14:00,31.7,0.7373046875,0.428466796875,0.88232421875,0.0,2026-08-15T07:00:00Z
beijing,40.0,116.4,icon,2026-08-15,15.8,15:00,46.7,0.56689453125,0.447265625,0.8701171875,0.0,2026-08-15T08:00:00Z
beijing,40.0,116.4,icon,2026-08-15,16.8,16:00,23.2,0.8369140625,0.51904296875,0.83837890625,0.0,2026-08-15T09:00:00Z
beijing,40.0,116.4,icon,2026-08-15,17.8,17:00,39.2,0.6611328125,0.63037109375,0.85107421875,0.0,2026-08-15T10:00:00Z
beijing,40.0,116.4,icon,2026-08-15,18.8,18:00,37.7,0.68505859375,0.7041015625,0.892578125,0.0,2026-08-15T11:00:00Z
beijing,40.0,116.4,icon,2026-08-15,19.8,19:00,50.8,0.5361328125,0.7119140625,0.8916015625,0.0,2026-08-15T12:00:00Z
beijing,40.0,116.4,icon,2026-08-15,20.8,20:00,50.1,0.54443359375,0.7119140625,0.89306640625,0.0,2026-08-15T13:00:00Z
beijing,40.0,116.4,icon,2026-08-15,21.8,21:00,33.7,0.73095703125,0.7119140625,0.89208984375,0.0,2026-08-15T14:00:00Z
beijing,40.0,116.4,icon,2026-08-15,22.8,22:00,42.5,0.6298828125,0.6982421875,0.88330078125,0.0,2026-08-15T15:00:00Z
beijing,40.0,116.4,icon,2026-08-15,23.8,23:00,32.6,0.7431640625,0.71875,0.87890625,0.0,2026-08-15T16:00:00Z
beijing,40.0,116.4,icon,2026-08-15,0.8,00:00,47.4,0.5751953125,0.74853515625,0.853515625,0.0,2026-08-15T17:00:00Z
beijing,40.0,116.4,icon,2026-08-15,1.8,01:00,46.3,0.58837890625,0.76513671875,0.84619140625,0.0,2026-08-15T18:00:00Z
beijing,40.0,116.4,icon,2026-08-15,2.8,02:00,58.3,0.454833984375,0.7861328125,0.875,0.0,2026-08-15T19:00:00Z
beijing,40.0,116.4,icon,2026-08-15,3.8,03:00,35.7,0.71240234375,0.78759765625,0.8818359375,0.0,2026-08-15T20:00:00Z
beijing,40.0,116.4,icon,2026-08-15,4.8,04:00,30.3,0.7734375,0.7734375,0.9052734375,0.0,2026-08-15T21:00:00Z
beijing,40.0,116.4,icon,2026-08-15,5.8,05:00,32.9,0.7451171875,0.77783203125,0.9228515625,0.0,2026-08-15T22:00:00Z
beijing,40.0,116.4,icon,2026-08-15,6.8,06:00,29.7,0.78125,0.77392578125,0.91455078125,0.0,2026-08-15T23:00:00Z
beijing,40.0,116.4,ifs,2026-08-13,7.8,07:00,76.7,0.2088623046875,0.378173828125,0.64111328125,0.0124969482421875,2026-08-13T00:00:00Z
beijing,40.0,116.4,ifs,2026-08-13,8.8,08:00,80.8,0.163818359375,0.39404296875,0.6376953125,0.0,2026-08-13T01:00:00Z
beijing,40.0,116.4,ifs,2026-08-13,9.8,09:00,68.3,0.3056640625,0.407958984375,0.638671875,0.0,2026-08-13T02:00:00Z
beijing,40.0,116.4,ifs,2026-08-13,10.8,10:00,25.0,0.5205078125,0.41748046875,0.609375,0.0,2026-08-13T03:00:00Z
beijing,40.0,116.4,ifs,2026-08-13,11.8,11:00,13.5,0.92431640625,0.409912109375,0.5673828125,0.0,2026-08-13T04:00:00Z
beijing,40.0,116.4,ifs,2026-08-13,12.8,12:00,25.0,0.2197265625,0.390869140625,0.560546875,0.0,2026-08-13T05:00:00Z
beijing,40.0,116.4,ifs,2026-08-13,13.8,13:00,25.0,0.234130859375,0.3720703125,0.51611328125,0.0,2026-08-13T06:00:00Z
beijing,40.0,116.4,ifs,2026-08-13,14.8,14:00,72.0,0.247802734375,0.2607421875,0.50439453125,0.0,2026-08-13T07:00:00Z
beijing,40.0,116.4,ifs,2026-08-13,15.8,15:00,54.6,0.442138671875,0.25,0.442138671875,0.0,2026-08-13T08:00:00Z
beijing,40.0,116.4,ifs,2026-08-13,16.8,16:00,56.9,0.411865234375,0.2381591796875,0.398193359375,0.0,2026-08-13T09:00:00Z
beijing,40.0,116.4,ifs,2026-08-13,17.8,17:00,67.9,0.289306640625,0.2305908203125,0.44384765625,0.0,2026-08-13T10:00:00Z
beijing,40.0,116.4,ifs,2026-08-13,18.8,18:00,79.9,0.1556396484375,0.246826171875,0.47265625,0.0,2026-08-13T11:00:00Z
beijing,40.0,116.4,ifs,2026-08-13,19.8,19:00,81.7,0.13720703125,0.259765625,0.493408203125,0.0,2026-08-13T12:00:00Z
beijing,40.0,116.4,ifs,2026-08-13,20.8,20:00,44.9,0.5595703125,0.263916015625,0.56982421875,0.0,2026-08-13T13:00:00Z
beijing,40.0,116.4,ifs,2026-08-13,21.8,21:00,60.0,0.3896484375,0.267333984375,0.59765625,0.0,2026-08-13T14:00:00Z
beijing,40.0,116.4,ifs,2026-08-13,22.8,22:00,78.1,0.1810302734375,0.2685546875,0.533203125,0.0,2026-08-13T15:00:00Z
beijing,40.0,116.4,ifs,2026-08-13,23.8,23:00,78.4,0.1796875,0.277099609375,0.5703125,0.0,2026-08-13T16:00:00Z
beijing,40.0,116.4,ifs,2026-08-13,0.8,00:00,80.6,0.1553955078125,0.292724609375,0.5634765625,0.0,2026-08-13T17:00:00Z
beijing,40.0,116.4,ifs,2026-08-13,1.8,01:00,89.7,0.052398681640625,0.29736328125,0.5576171875,0.0,2026-08-13T18:00:00Z
beijing,40.0,116.4,ifs,2026-08-13,2.8,02:00,84.1,0.1099853515625,0.2086181640625,0.5517578125,0.024993896484375,2026-08-13T19:00:00Z
beijing,40.0,116.4,ifs,2026-08-13,3.8,03:00,79.6,0.1610107421875,0.2083740234375,0.564453125,0.04998779296875,2026-08-13T20:00:00Z
beijing,40.0,116.4,ifs,2026-08-13,4.8,04:00,56.4,0.0029201507568359375,0.2578125,0.59912109375,0.0999755859375,2026-08-13T21:00:00Z
beijing,40.0,116.4,ifs,2026-08-13,5.8,05:00,55.7,0.060791015625,0.28857421875,0.66455078125,0.07501220703125,2026-08-13T22:00:00Z
beijing,40.0,116.4,ifs,2026-08-13,6.8,06:00,78.2,0.188232421875,0.293212890625,0.6689453125,0.0,2026-08-13T23:00:00Z
beijing,40.0,116.4,ifs,2026-08-14,7.8,07:00,82.6,0.132568359375,0.272705078125,0.58935546875,0.0,2026-08-14T00:00:00Z
beijing,40.0,116.4,ifs,2026-08-14,8.8,08:00,83.5,0.1142578125,0.2403564453125,0.466552734375,0.0,2026-08-14T01:00:00Z
beijing,40.0,116.4,ifs,2026-08-14,9.8,09:00,79.2,0.158935546875,0.2218017578125,0.417724609375,0.0,2026-08-14T02:00:00Z
beijing,40.0,116.4,ifs,2026-08-14,10.8,10:00,58.3,0.39453125,0.2264404296875,0.381103515625,0.0,2026-08-14T03:00:00Z
beijing,40.0,116.4,ifs,2026-08-14,11.8,11:00,33.0,0.68359375,0.237548828125,0.404296875,0.0,2026-08-14T04:00:00Z
beijing,40.0,116.4,ifs,2026-08-14,12.8,12:00,30.9,0.70947265625,0.25244140625,0.415283203125,0.0,2026-08-14T05:00:00Z
beijing,40.0,116.4,ifs,2026-08-14,13.8,13:00,25.0,0.424560546875,0.28173828125,0.436279296875,0.0,2026-08-14T06:00:00Z
beijing,40.0,116.4,ifs,2026-08-14,14.8,14:00,39.8,0.619140625,0.389892578125,0.455810546875,0.0,2026-08-14T07:00:00Z
beijing,40.0,116.4,ifs,2026-08-14,15.8,15:00,33.6,0.68994140625,0.38916015625,0.48388671875,0.0,2026-08-14T08:00:00Z
beijing,40.0,116.4,ifs,2026-08-14,16.8,16:00,10.0,0.6796875,0.385009765625,0.4853515625,0.0,2026-08-14T09:00:00Z
beijing,40.0,116.4,ifs,2026-08-14,17.8,17:00,32.2,0.69921875,0.371337890625,0.3681640625,0.0,2026-08-14T10:00:00Z
beijing,40.0,116.4,ifs,2026-08-14,18.8,18:00,30.0,0.72265625,0.36669921875,0.347900390625,0.0,2026-08-14T11:00:00Z
beijing,40.0,116.4,ifs,2026-08-14,19.8,19:00,30.5,0.72265625,0.371826171875,0.447998046875,0.0,2026-08-14T12:00:00Z
beijing,40.0,116.4,ifs,2026-08-14,20.8,20:00,32.4,0.70458984375,0.37548828125,0.50830078125,0.0,2026-08-14T13:00:00Z
beijing,40.0,116.4,ifs,2026-08-14,21.8,21:00,33.7,0.6943359375,0.40087890625,0.552734375,0.0,2026-08-14T14:00:00Z
beijing,40.0,116.4,ifs,2026-08-14,22.8,22:00,33.2,0.70068359375,0.438232421875,0.546875,0.0,2026-08-14T15:00:00Z
beijing,40.0,116.4,ifs,2026-08-14,23.8,23:00,30.0,0.73828125,0.474853515625,0.5126953125,0.0,2026-08-14T16:00:00Z
beijing,40.0,116.4,ifs,2026-08-14,0.8,00:00,23.1,0.8173828125,0.5146484375,0.48046875,0.0,2026-08-14T17:00:00Z
beijing,40.0,116.4,ifs,2026-08-14,1.8,01:00,35.5,0.6767578125,0.5302734375,0.480224609375,0.0,2026-08-14T18:00:00Z
beijing,40.0,116.4,ifs,2026-08-14,2.8,02:00,37.5,0.6552734375,0.509765625,0.53125,0.0,2026-08-14T19:00:00Z
beijing,40.0,116.4,ifs,2026-08-14,3.8,03:00,38.0,0.64697265625,0.480224609375,0.51416015625,0.0,2026-08-14T20:00:00Z
beijing,40.0,116.4,ifs,2026-08-14,4.8,04:00,25.0,0.5615234375,0.444580078125,0.58203125,0.0,2026-08-14T21:00:00Z
beijing,40.0,116.4,ifs,2026-08-14,5.8,05:00,44.4,0.5751953125,0.415283203125,0.6025390625,0.04998779296875,2026-08-14T22:00:00Z
beijing,40.0,116.4,ifs,2026-08-14,6.8,06:00,46.4,0.5517578125,0.384521484375,0.61279296875,0.0124969482421875,2026-08-14T23:00:00Z
beijing,40.0,116.4,ifs,2026-08-15,7.8,07:00,62.0,0.3720703125,0.363037109375,0.5859375,0.0,2026-08-15T00:00:00Z
beijing,40.0,116.4,ifs,2026-08-15,8.8,08:00,51.0,0.49267578125,0.32666015625,0.53759765625,0.0,2026-08-15T01:00:00Z
beijing,40.0,116.4,ifs,2026-08-15,9.8,09:00,31.8,0.701171875,0.290771484375,0.412109375,0.0,2026-08-15T02:00:00Z
beijing,40.0,116.4,ifs,2026-08-15,10.8,10:00,41.0,0.59033203125,0.26611328125,0.31982421875,0.0,2026-08-15T03:00:00Z
beijing,40.0,116.4,ifs,2026-08-15,11.8,11:00,46.9,0.5263671875,0.232177734375,0.406982421875,0.0,2026-08-15T04:00:00Z
beijing,40.0,116.4,ifs,2026-08-15,12.8,12:00,25.0,0.681640625,0.1885986328125,0.494140625,0.0,2026-08-15T05:00:00Z
beijing,40.0,116.4,ifs,2026-08-15,13.8,13:00,25.0,0.408935546875,0.172607421875,0.486083984375,0.0,2026-08-15T06:00:00Z
beijing,40.0,116.4,ifs,2026-08-15,14.8,14:00,25.0,0.473388671875,0.202392578125,0.3896484375,0.0,2026-08-15T07:00:00Z
beijing,40.0,116.4,ifs,2026-08-15,15.8,15:00,25.0,0.40625,0.231201171875,0.347900390625,0.0,2026-08-15T08:00:00Z
beijing,40.0,116.4,ifs,2026-08-15,16.8,16:00,25.0,0.537109375,0.27001953125,0.408447265625,0.0,2026-08-15T09:00:00Z
beijing,40.0,116.4,ifs,2026-08-15,17.8,17:00,25.0,0.44091796875,0.2529296875,0.5224609375,0.0,2026-08-15T10:00:00Z
beijing,40.0,116.4,ifs,2026-08-15,18.8,18:00,25.0,0.301513671875,0.256103515625,0.6728515625,0.0,2026-08-15T11:00:00Z
beijing,40.0,116.4,ifs,2026-08-15,19.8,19:00,73.3,0.2440185546875,0.261962890625,0.6962890625,0.0,2026-08-15T12:00:00Z
beijing,40.0,116.4,ifs,2026-08-15,20.8,20:00,50.5,0.495849609375,0.262939453125,0.572265625,0.0,2026-08-15T13:00:00Z
beijing,40.0,116.4,ifs,2026-08-15,21.8,21:00,31.9,0.7109375,0.265625,0.63671875,0.024993896484375,2026-08-15T14:00:00Z
beijing,40.0,116.4,ifs,2026-08-15,22.8,22:00,56.9,0.430419921875,0.33203125,0.62841796875,0.0,2026-08-15T15:00:00Z
beijing,40.0,116.4,ifs,2026-08-15,23.8,23:00,35.5,0.6728515625,0.360107421875,0.60205078125,0.024993896484375,2026-08-15T16:00:00Z
beijing,40.0,116.4,ifs,2026-08-15,0.8,00:00,36.1,0.66357421875,0.346923828125,0.57763671875,0.0625,2026-08-15T17:00:00Z
beijing,40.0,116.4,ifs,2026-08-15,1.8,01:00,34.1,0.611328125,0.31005859375,0.57470703125,0.11248779296875,2026-08-15T18:00:00Z
beijing,40.0,116.4,ifs,2026-08-15,2.8,02:00,32.0,0.64013671875,0.2481689453125,0.5439453125,0.1500244140625,2026-08-15T19:00:00Z
beijing,40.0,116.4,ifs,2026-08-15,3.8,03:00,30.6,0.66796875,0.278564453125,0.58154296875,0.11248779296875,2026-08-15T20:00:00Z
beijing,40.0,116.4,ifs,2026-08-15,4.8,04:00,36.8,0.5595703125,0.281494140625,0.57568359375,0.1500244140625,2026-08-15T21:00:00Z
beijing,40.0,116.4,ifs,2026-08-15,5.8,05:00,40.4,0.4921875,0.289794921875,0.57861328125,0.175048828125,2026-08-15T22:00:00Z
beijing,40.0,116.4,ifs,2026-08-15,6.8,06:00,44.6,0.412353515625,0.334716796875,0.60595703125,0.07501220703125,2026-08-15T23:00:00Z
shanghai,31.2,121.5,icon,2026-08-13,8.1,08:00,10.0,0.9140625,0.94482421875,0.9677734375,0.192138671875,2026-08-13T00:00:00Z
shanghai,31.2,121.5,icon,2026-08-13,9.1,09:00,10.0,0.9150390625,0.94140625,0.96484375,0.09954833984375,2026-08-13T01:00:00Z
shanghai,31.2,121.5,icon,2026-08-13,10.1,10:00,10.0,0.91552734375,0.9228515625,0.96728515625,0.0,2026-08-13T02:00:00Z
shanghai,31.2,121.5,icon,2026-08-13,11.1,11:00,10.0,0.916015625,0.90771484375,0.96435546875,0.0,2026-08-13T03:00:00Z
shanghai,31.2,121.5,icon,2026-08-13,12.1,12:00,10.0,0.91845703125,0.904296875,0.95556640625,0.0,2026-08-13T04:00:00Z
shanghai,31.2,121.5,icon,2026-08-13,13.1,13:00,18.4,0.91845703125,0.88671875,0.96240234375,0.0,2026-08-13T05:00:00Z
shanghai,31.2,121.5,icon,2026-08-13,14.1,14:00,18.6,0.91650390625,0.88671875,0.9599609375,0.0,2026-08-13T06:00:00Z
shanghai,31.2,121.5,icon,2026-08-13,15.1,15:00,19.0,0.9140625,0.9228515625,0.96240234375,0.0,2026-08-13T07:00:00Z
shanghai,31.2,121.5,icon,2026-08-13,16.1,16:00,18.6,0.91796875,0.9228515625,0.9462890625,0.0,2026-08-13T08:00:00Z
shanghai,31.2,121.5,icon,2026-08-13,17.1,17:00,18.4,0.91845703125,0.92333984375,0.92333984375,0.0,2026-08-13T09:00:00Z
shanghai,31.2,121.5,icon,2026-08-13,18.1,18:00,18.3,0.9189453125,0.92333984375,0.92041015625,0.0,2026-08-13T10:00:00Z
shanghai,31.2,121.5,icon,2026-08-13,19.1,19:00,19.1,0.91064453125,0.92333984375,0.92724609375,0.0,2026-08-13T11:00:00Z
shanghai,31.2,121.5,icon,2026-08-13,20.1,20:00,19.4,0.9072265625,0.92333984375,0.9208984375,0.0,2026-08-13T12:00:00Z
shanghai,31.2,121.5,icon,2026-08-13,21.1,21:00,19.7,0.90283203125,0.92333984375,0.91015625,0.0,2026-08-13T13:00:00Z
shanghai,31.2,121.5,icon,2026-08-13,22.1,22:00,19.8,0.90234375,0.92333984375,0.90576171875,0.0,2026-08-13T14:00:00Z
shanghai,31.2,121.5,icon,2026-08-13,23.1,23:00,20.2,0.896484375,0.92333984375,0.90380859375,0.0,2026-08-13T15:00:00Z
shanghai,31.2,121.5,icon,2026-08-13,0.1,00:00,20.3,0.8955078125,0.92333984375,0.8955078125,0.0,2026-08-13T16:00:00Z
shanghai,31.2,121.5,icon,2026-08-13,1.1,01:00,20.5,0.89306640625,0.92333984375,0.9033203125,0.0,2026-08-13T17:00:00Z
shanghai,31.2,121.5,icon,2026-08-13,2.1,02:00,19.4,0.90625,0.92333984375,0.91259765625,0.0,2026-08-13T18:00:00Z
shanghai,31.2,121.5,icon,2026-08-13,3.1,03:00,19.0,0.90771484375,0.869140625,0.916015625,0.0,2026-08-13T19:00:00Z
shanghai,31.2,121.5,icon,2026-08-13,4.1,04:00,19.3,0.904296875,0.869140625,0.90966796875,0.0,2026-08-13T20:00:00Z
shanghai,31.2,121.5,icon,2026-08-13,5.1,05:00,19.7,0.90087890625,0.8837890625,0.91357421875,0.01071929931640625,2026-08-13T21:00:00Z
shanghai,31.2,121.5,icon,2026-08-13,6.1,06:00,21.2,0.8837890625,0.88671875,0.91015625,0.010345458984375,2026-08-13T22:00:00Z
shanghai,31.2,121.5,icon,2026-08-13,7.1,07:00,21.3,0.88232421875,0.88671875,0.90234375,0.0,2026-08-13T23:00:00Z
shanghai,31.2,121.5,icon,2026-08-14,8.1,08:00,21.2,0.884765625,0.88671875,0.9189453125,0.0,2026-08-14T00:00:00Z
shanghai,31.2,121.5,icon,2026-08-14,9.1,09:00,21.6,0.87939453125,0.88671875,0.9072265625,0.0,2026-08-14T01:00:00Z
shanghai,31.2,121.5,icon,2026-08-14,10.1,10:00,19.6,0.90234375,0.88671875,0.90380859375,0.0,2026-08-14T02:00:00Z
shanghai,31.2,121.5,icon,2026-08-14,11.1,11:00,21.0,0.88671875,0.88671875,0.908203125,0.0,2026-08-14T03:00:00Z
shanghai,31.2,121.5,icon,2026-08-14,12.1,12:00,19.7,0.9013671875,0.9013671875,0.8994140625,0.0,2026-08-14T04:00:00Z
shanghai,31.2,121.5,icon,2026-08-14,13.1,13:00,10.0,0.91650390625,0.904296875,0.88720703125,0.0,2026-08-14T05:00:00Z
shanghai,31.2,121.5,icon,2026-08-14,14.1,14:00,19.3,0.90625,0.904296875,0.90673828125,0.0,2026-08-14T06:00:00Z
shanghai,31.2,121.5,icon,2026-08-14,15.1,15:00,20.9,0.8857421875,0.869140625,0.90283203125,0.0,2026-08-14T07:00:00Z
shanghai,31.2,121.5,icon,2026-08-14,16.1,16:00,21.0,0.88525390625,0.87255859375,0.90234375,0.0,2026-08-14T08:00:00Z
shanghai,31.2,121.5,icon,2026-08-14,17.1,17:00,20.4,0.89306640625,0.88671875,0.908203125,0.0,2026-08-14T09:00:00Z
shanghai,31.2,121.5,icon,2026-08-14,18.1,18:00,20.5,0.892578125,0.88671875,0.916015625,0.0,2026-08-14T10:00:00Z
shanghai,31.2,121.5,icon,2026-08-14,19.1,19:00,20.9,0.88818359375,0.88671875,0.91552734375,0.0,2026-08-14T11:00:00Z
shanghai,31.2,121.5,icon,2026-08-14,20.1,20:00,20.8,0.88818359375,0.88671875,0.9033203125,0.00701141357421875,2026-08-14T12:00:00Z
shanghai,31.2,121.5,icon,2026-08-14,21.1,21:00,19.7,0.88916015625,0.904296875,0.89990234375,0.10107421875,2026-08-14T13:00:00Z
shanghai,31.2,121.5,icon,2026-08-14,22.1,22:00,19.6,0.8876953125,0.90478515625,0.9130859375,0.193115234375,2026-08-14T14:00:00Z
shanghai,31.2,121.5,icon,2026-08-14,23.1,23:00,19.8,0.884765625,0.90771484375,0.93115234375,0.283203125,2026-08-14T15:00:00Z
shanghai,31.2,121.5,icon,2026-08-14,0.1,00:00,19.4,0.890625,0.9228515625,0.93408203125,0.327392578125,2026-08-14T16:00:00Z
shanghai,31.2,121.5,icon,2026-08-14,1.1,01:00,18.7,0.89892578125,0.90771484375,0.9384765625,0.327392578125,2026-08-14T17:00:00Z
shanghai,31.2,121.5,icon,2026-08-14,2.1,02:00,18.5,0.8994140625,0.8896484375,0.9326171875,0.327392578125,2026-08-14T18:00:00Z
shanghai,31.2,121.5,icon,2026-08-14,3.1,03:00,17.7,0.90380859375,0.8056640625,0.93115234375,0.37109375,2026-08-14T19:00:00Z
shanghai,31.2,121.5,icon,2026-08-14,4.1,04:00,17.5,0.908203125,0.8515625,0.91552734375,0.37109375,2026-08-14T20:00:00Z
shanghai,31.2,121.5,icon,2026-08-14,5.1,05:00,10.0,0.90625,0.85302734375,0.8837890625,0.371337890625,2026-08-14T21:00:00Z
shanghai,31.2,121.5,icon,2026-08-14,6.1,06:00,18.3,0.8974609375,0.90234375,0.85498046875,0.37109375,2026-08-14T22:00:00Z
shanghai,31.2,121.5,icon,2026-08-14,7.1,07:00,10.0,0.89453125,0.95751953125,0.8408203125,0.2376708984375,2026-08-14T23:00:00Z
shanghai,31.2,121.5,icon,2026-08-15,8.1,08:00,10.0,0.88818359375,0.94482421875,0.8369140625,0.09912109375,2026-08-15T00:00:00Z
shanghai,31.2,121.5,icon,2026-08-15,9.1,09:00,10.0,0.87744140625,0.90771484375,0.8505859375,0.0,2026-08-15T01:00:00Z
shanghai,31.2,121.5,icon,2026-08-15,10.1,10:00,20.9,0.8837890625,0.89013671875,0.8505859375,0.0,2026-08-15T02:00:00Z
shanghai,31.2,121.5,icon,2026-08-15,11.1,11:00,19.2,0.90283203125,0.90185546875,0.8359375,0.0,2026-08-15T03:00:00Z
shanghai,31.2,121.5,icon,2026-08-15,12.1,12:00,19.0,0.90625,0.9228515625,0.83154296875,0.0,2026-08-15T04:00:00Z
shanghai,31.2,121.5,icon,2026-08-15,13.1,13:00,19.5,0.900390625,0.90478515625,0.84326171875,0.0,2026-08-15T05:00:00Z
shanghai,31.2,121.5,icon,2026-08-15,14.1,14:00,20.0,0.896484375,0.919921875,0.8525390625,0.0,2026-08-15T06:00:00Z
shanghai,31.2,121.5,icon,2026-08-15,15.1,15:00,10.0,0.88916015625,0.94189453125,0.86328125,0.0,2026-08-15T07:00:00Z
shanghai,31.2,121.5,icon,2026-08-15,16.1,16:00,10.0,0.88916015625,0.94189453125,0.859375,0.0,2026-08-15T08:00:00Z
shanghai,31.2,121.5,icon,2026-08-15,17.1,17:00,19.9,0.8994140625,0.94189453125,0.86181640625,0.0,2026-08-15T09:00:00Z
shanghai,31.2,121.5,icon,2026-08-15,18.1,18:00,10.0,0.8828125,0.94189453125,0.85107421875,0.0,2026-08-15T10:00:00Z
shanghai,31.2,121.5,icon,2026-08-15,19.1,19:00,21.7,0.87890625,0.94189453125,0.86279296875,0.0,2026-08-15T11:00:00Z
shanghai,31.2,121.5,icon,2026-08-15,20.1,20:00,23.1,0.86328125,0.94140625,0.86767578125,0.0,2026-08-15T12:00:00Z
shanghai,31.2,121.5,icon,2026-08-15,21.1,21:00,22.0,0.87353515625,0.92626953125,0.84375,0.0,2026-08-15T13:00:00Z
shanghai,31.2,121.5,icon,2026-08-15,22.1,22:00,21.3,0.8798828125,0.92333984375,0.81494140625,0.0,2026-08-15T14:00:00Z
shanghai,31.2,121.5,icon,2026-08-15,23.1,23:00,19.3,0.8994140625,0.92333984375,0.76611328125,0.0,2026-08-15T15:00:00Z
shanghai,31.2,121.5,icon,2026-08-15,0.1,00:00,18.5,0.9052734375,0.9228515625,0.71630859375,0.0,2026-08-15T16:00:00Z
shanghai,31.2,121.5,icon,2026-08-15,1.1,01:00,18.6,0.904296875,0.9228515625,0.71826171875,0.0,2026-08-15T17:00:00Z
shanghai,31.2,121.5,icon,2026-08-15,2.1,02:00,17.6,0.9140625,0.904296875,0.71435546875,0.0114593505859375,2026-08-15T18:00:00Z
shanghai,31.2,121.5,icon,2026-08-15,3.1,03:00,18.3,0.90869140625,0.904296875,0.75244140625,0.01219940185546875,2026-08-15T19:00:00Z
shanghai,31.2,121.5,icon,2026-08-15,4.1,04:00,17.2,0.912109375,0.9013671875,0.74560546875,0.05914306640625,2026-08-15T20:00:00Z
shanghai,31.2,121.5,icon,2026-08-15,5.1,05:00,16.8,0.91552734375,0.9013671875,0.73193359375,0.1055908203125,2026-08-15T21:00:00Z
shanghai,31.2,121.5,icon,2026-08-15,6.1,06:00,17.2,0.912109375,0.88671875,0.76220703125,0.1055908203125,2026-08-15T22:00:00Z
shanghai,31.2,121.5,icon,2026-08-15,7.1,07:00,17.7,0.916015625,0.88671875,0.77392578125,0.0120086669921875,2026-08-15T23:00:00Z
shanghai,31.2,121.5,ifs,2026-08-13,8.1,08:00,19.0,0.89453125,0.75537109375,0.79345703125,0.0,2026-08-13T00:00:00Z
shanghai,31.2,121.5,ifs,2026-08-13,9.1,09:00,16.9,0.91455078125,0.73876953125,0.7490234375,0.0,2026-08-13T01:00:00Z
shanghai,31.2,121.5,ifs,2026-08-13,10.1,10:00,10.0,0.8798828125,0.7119140625,0.78369140625,0.0,2026-08-13T02:00:00Z
shanghai,31.2,121.5,ifs,2026-08-13,11.1,11:00,10.0,0.9326171875,0.69775390625,0.78857421875,0.0,2026-08-13T03:00:00Z
shanghai,31.2,121.5,ifs,2026-08-13,12.1,12:00,25.0,0.7880859375,0.68115234375,0.7041015625,0.0,2026-08-13T04:00:00Z
shanghai,31.2,121.5,ifs,2026-08-13,13.1,13:00,25.0,0.77734375,0.69091796875,0.63134765625,0.0,2026-08-13T05:00:00Z
shanghai,31.2,121.5,ifs,2026-08-13,14.1,14:00,23.2,0.8349609375,0.6953125,0.62890625,0.0,2026-08-13T06:00:00Z
shanghai,31.2,121.5,ifs,2026-08-13,15.1,15:00,26.6,0.796875,0.6962890625,0.64501953125,0.0,2026-08-13T07:00:00Z
shanghai,31.2,121.5,ifs,2026-08-13,16.1,16:00,25.4,0.8154296875,0.75537109375,0.68603515625,0.0,2026-08-13T08:00:00Z
shanghai,31.2,121.5,ifs,2026-08-13,17.1,17:00,27.8,0.79150390625,0.736328125,0.75927734375,0.0,2026-08-13T09:00:00Z
shanghai,31.2,121.5,ifs,2026-08-13,18.1,18:00,21.3,0.865234375,0.69091796875,0.791015625,0.0,2026-08-13T10:00:00Z
shanghai,31.2,121.5,ifs,2026-08-13,19.1,19:00,17.4,0.904296875,0.6044921875,0.7998046875,0.0,2026-08-13T11:00:00Z
shanghai,31.2,121.5,ifs,2026-08-13,20.1,20:00,17.5,0.90234375,0.580078125,0.8076171875,0.0,2026-08-13T12:00:00Z
shanghai,31.2,121.5,ifs,2026-08-13,21.1,21:00,18.0,0.89794921875,0.5830078125,0.80859375,0.0,2026-08-13T13:00:00Z
shanghai,31.2,121.5,ifs,2026-08-13,22.1,22:00,17.8,0.90185546875,0.6142578125,0.8056640625,0.0,2026-08-13T14:00:00Z
shanghai,31.2,121.5,ifs,2026-08-13,23.1,23:00,17.9,0.9013671875,0.64111328125,0.80517578125,0.0,2026-08-13T15:00:00Z
shanghai,31.2,121.5,ifs,2026-08-13,0.1,00:00,19.4,0.88818359375,0.70556640625,0.796875,0.0,2026-08-13T16:00:00Z
shanghai,31.2,121.5,ifs,2026-08-13,1.1,01:00,18.3,0.89892578125,0.69482421875,0.7822265625,0.0,2026-08-13T17:00:00Z
shanghai,31.2,121.5,ifs,2026-08-13,2.1,02:00,17.6,0.90625,0.693359375,0.7841796875,0.0,2026-08-13T18:00:00Z
shanghai,31.2,121.5,ifs,2026-08-13,3.1,03:00,17.5,0.90234375,0.57421875,0.79931640625,0.0,2026-08-13T19:00:00Z
shanghai,31.2,121.5,ifs,2026-08-13,4.1,04:00,20.2,0.87353515625,0.62158203125,0.80078125,0.0,2026-08-13T20:00:00Z
shanghai,31.2,121.5,ifs,2026-08-13,5.1,05:00,20.5,0.8701171875,0.609375,0.80810546875,0.0124969482421875,2026-08-13T21:00:00Z
shanghai,31.2,121.5,ifs,2026-08-13,6.1,06:00,20.7,0.86083984375,0.484375,0.810546875,0.0,2026-08-13T22:00:00Z
shanghai,31.2,121.5,ifs,2026-08-13,7.1,07:00,20.5,0.86669921875,0.54150390625,0.80419921875,0.0,2026-08-13T23:00:00Z
shanghai,31.2,121.5,ifs,2026-08-14,8.1,08:00,23.2,0.84375,0.69384765625,0.7900390625,0.0,2026-08-14T00:00:00Z
shanghai,31.2,121.5,ifs,2026-08-14,9.1,09:00,25.0,0.7568359375,0.7880859375,0.73486328125,0.0,2026-08-14T01:00:00Z
shanghai,31.2,121.5,ifs,2026-08-14,10.1,10:00,25.8,0.8115234375,0.77880859375,0.65869140625,0.0,2026-08-14T02:00:00Z
shanghai,31.2,121.5,ifs,2026-08-14,11.1,11:00,22.1,0.84912109375,0.6865234375,0.669921875,0.0,2026-08-14T03:00:00Z
shanghai,31.2,121.5,ifs,2026-08-14,12.1,12:00,20.8,0.8544921875,0.56396484375,0.6396484375,0.0,2026-08-14T04:00:00Z
shanghai,31.2,121.5,ifs,2026-08-14,13.1,13:00,22.4,0.83203125,0.4755859375,0.64794921875,0.0,2026-08-14T05:00:00Z
shanghai,31.2,121.5,ifs,2026-08-14,14.1,14:00,28.5,0.75830078125,0.4453125,0.59375,0.0,2026-08-14T06:00:00Z
shanghai,31.2,121.5,ifs,2026-08-14,15.1,15:00,28.0,0.76611328125,0.462890625,0.634765625,0.0,2026-08-14T07:00:00Z
shanghai,31.2,121.5,ifs,2026-08-14,16.1,16:00,31.3,0.7392578125,0.60400390625,0.66796875,0.0,2026-08-14T08:00:00Z
shanghai,31.2,121.5,ifs,2026-08-14,17.1,17:00,36.5,0.68505859375,0.63330078125,0.72119140625,0.0,2026-08-14T09:00:00Z
shanghai,31.2,121.5,ifs,2026-08-14,18.1,18:00,19.1,0.88134765625,0.60009765625,0.74072265625,0.0,2026-08-14T10:00:00Z
shanghai,31.2,121.5,ifs,2026-08-14,19.1,19:00,35.0,0.69921875,0.5205078125,0.7783203125,0.0,2026-08-14T11:00:00Z
shanghai,31.2,121.5,ifs,2026-08-14,20.1,20:00,33.4,0.7060546875,0.35546875,0.74951171875,0.0,2026-08-14T12:00:00Z
shanghai,31.2,121.5,ifs,2026-08-14,21.1,21:00,33.7,0.701171875,0.339111328125,0.73583984375,0.0,2026-08-14T13:00:00Z
shanghai,31.2,121.5,ifs,2026-08-14,22.1,22:00,29.3,0.74951171875,0.369384765625,0.68505859375,0.024993896484375,2026-08-14T14:00:00Z
shanghai,31.2,121.5,ifs,2026-08-14,23.1,23:00,25.0,0.76416015625,0.424560546875,0.69921875,0.07501220703125,2026-08-14T15:00:00Z
shanghai,31.2,121.5,ifs,2026-08-14,0.1,00:00,15.9,0.90625,0.4521484375,0.69677734375,0.037506103515625,2026-08-14T16:00:00Z
shanghai,31.2,121.5,ifs,2026-08-14,1.1,01:00,15.3,0.9169921875,0.46044921875,0.74755859375,0.024993896484375,2026-08-14T17:00:00Z
shanghai,31.2,121.5,ifs,2026-08-14,2.1,02:00,15.5,0.91162109375,0.4853515625,0.65966796875,0.024993896484375,2026-08-14T18:00:00Z
shanghai,31.2,121.5,ifs,2026-08-14,3.1,03:00,14.4,0.92578125,0.54150390625,0.64599609375,0.037506103515625,2026-08-14T19:00:00Z
shanghai,31.2,121.5,ifs,2026-08-14,4.1,04:00,10.0,0.91552734375,0.552734375,0.6416015625,0.1624755859375,2026-08-14T20:00:00Z
shanghai,31.2,121.5,ifs,2026-08-14,5.1,05:00,10.0,0.93017578125,0.552734375,0.6416015625,0.362548828125,2026-08-14T21:00:00Z
shanghai,31.2,121.5,ifs,2026-08-14,6.1,06:00,10.0,0.82275390625,0.50634765625,0.6865234375,0.362548828125,2026-08-14T22:00:00Z
shanghai,31.2,121.5,ifs,2026-08-14,7.1,07:00,10.0,0.83740234375,0.54052734375,0.55517578125,0.375,2026-08-14T23:00:00Z
shanghai,31.2,121.5,ifs,2026-08-15,8.1,08:00,17.4,0.86474609375,0.493408203125,0.497802734375,0.25,2026-08-15T00:00:00Z
shanghai,31.2,121.5,ifs,2026-08-15,9.1,09:00,10.0,0.88134765625,0.5029296875,0.56103515625,0.27490234375,2026-08-15T01:00:00Z
shanghai,31.2,121.5,ifs,2026-08-15,10.1,10:00,10.0,0.892578125,0.48974609375,0.74267578125,0.0,2026-08-15T02:00:00Z
shanghai,31.2,121.5,ifs,2026-08-15,11.1,11:00,19.9,0.85888671875,0.479736328125,0.61474609375,0.0,2026-08-15T03:00:00Z
shanghai,31.2,121.5,ifs,2026-08-15,12.1,12:00,13.3,0.92724609375,0.50048828125,0.477783203125,0.0,2026-08-15T04:00:00Z
shanghai,31.2,121.5,ifs,2026-08-15,13.1,13:00,13.2,0.9326171875,0.53857421875,0.51611328125,0.0,2026-08-15T05:00:00Z
shanghai,31.2,121.5,ifs,2026-08-15,14.1,14:00,16.3,0.896484375,0.54052734375,0.49365234375,0.0,2026-08-15T06:00:00Z
shanghai,31.2,121.5,ifs,2026-08-15,15.1,15:00,25.5,0.7880859375,0.483154296875,0.477294921875,0.0,2026-08-15T07:00:00Z
shanghai,31.2,121.5,ifs,2026-08-15,16.1,16:00,23.1,0.82373046875,0.492431640625,0.62451171875,0.0,2026-08-15T08:00:00Z
shanghai,31.2,121.5,ifs,2026-08-15,17.1,17:00,22.2,0.83837890625,0.47705078125,0.71484375,0.0,2026-08-15T09:00:00Z
shanghai,31.2,121.5,ifs,2026-08-15,18.1,18:00,10.0,0.916015625,0.48486328125,0.57177734375,0.0,2026-08-15T10:00:00Z
shanghai,31.2,121.5,ifs,2026-08-15,19.1,19:00,10.0,0.8759765625,0.4755859375,0.57763671875,0.1500244140625,2026-08-15T11:00:00Z
shanghai,31.2,121.5,ifs,2026-08-15,20.1,20:00,10.0,0.7373046875,0.458740234375,0.509765625,0.33740234375,2026-08-15T12:00:00Z
shanghai,31.2,121.5,ifs,2026-08-15,21.1,21:00,10.0,0.7783203125,0.44677734375,0.466552734375,0.387451171875,2026-08-15T13:00:00Z
shanghai,31.2,121.5,ifs,2026-08-15,22.1,22:00,12.3,0.91650390625,0.44677734375,0.50146484375,0.487548828125,2026-08-15T14:00:00Z
shanghai,31.2,121.5,ifs,2026-08-15,23.1,23:00,12.7,0.91064453125,0.44970703125,0.486328125,0.487548828125,2026-08-15T15:00:00Z
shanghai,31.2,121.5,ifs,2026-08-15,0.1,00:00,21.4,0.78369140625,0.447998046875,0.58837890625,0.487548828125,2026-08-15T16:00:00Z
shanghai,31.2,121.5,ifs,2026-08-15,1.1,01:00,16.9,0.8671875,0.4423828125,0.50732421875,0.300048828125,2026-08-15T17:00:00Z
shanghai,31.2,121.5,ifs,2026-08-15,2.1,02:00,10.0,0.71875,0.456787109375,0.630859375,0.449951171875,2026-08-15T18:00:00Z
shanghai,31.2,121.5,ifs,2026-08-15,3.1,03:00,10.0,0.93212890625,0.5400390625,0.53173828125,0.46240234375,2026-08-15T19:00:00Z
shanghai,31.2,121.5,ifs,2026-08-15,4.1,04:00,10.0,0.93017578125,0.5595703125,0.47607421875,0.46240234375,2026-08-15T20:00:00Z
shanghai,31.2,121.5,ifs,2026-08-15,5.1,05:00,10.0,0.9091796875,0.57275390625,0.6650390625,0.47509765625,2026-08-15T21:00:00Z
shanghai,31.2,121.5,ifs,2026-08-15,6.1,06:00,10.0,0.92041015625,0.58203125,0.50634765625,0.487548828125,2026-08-15T22:00:00Z
shanghai,31.2,121.5,ifs,2026-08-15,7.1,07:00,25.0,0.759765625,0.640625,0.736328125,0.25,2026-08-15T23:00:00Z
guangzhou,23.13,113.26,icon,2026-08-13,7.6,07:00,19.3,0.90234375,0.8564453125,0.880859375,0.0,2026-08-13T00:00:00Z
guangzhou,23.13,113.26,icon,2026-08-13,8.6,08:00,18.8,0.908203125,0.87353515625,0.87451171875,0.0,2026-08-13T01:00:00Z
guangzhou,23.13,113.26,icon,2026-08-13,9.6,09:00,20.2,0.89208984375,0.88134765625,0.8720703125,0.0,2026-08-13T02:00:00Z
guangzhou,23.13,113.26,icon,2026-08-13,10.6,10:00,20.2,0.8935546875,0.88134765625,0.88330078125,0.0,2026-08-13T03:00:00Z
guangzhou,23.13,113.26,icon,2026-08-13,11.6,11:00,21.2,0.8828125,0.888671875,0.88525390625,0.0,2026-08-13T04:00:00Z
guangzhou,23.13,113.26,icon,2026-08-13,12.6,12:00,23.6,0.85546875,0.87890625,0.8935546875,0.0,2026-08-13T05:00:00Z
guangzhou,23.13,113.26,icon,2026-08-13,13.6,13:00,23.2,0.859375,0.87890625,0.8935546875,0.0,2026-08-13T06:00:00Z
guangzhou,23.13,113.26,icon,2026-08-13,14.6,14:00,21.5,0.876953125,0.8447265625,0.89501953125,0.0,2026-08-13T07:00:00Z
guangzhou,23.13,113.26,icon,2026-08-13,15.6,15:00,20.6,0.890625,0.8447265625,0.95068359375,0.0,2026-08-13T08:00:00Z
guangzhou,23.13,113.26,icon,2026-08-13,16.6,16:00,10.0,0.88818359375,0.8447265625,0.9521484375,0.0,2026-08-13T09:00:00Z
guangzhou,23.13,113.26,icon,2026-08-13,17.6,17:00,10.0,0.884765625,0.85205078125,0.92333984375,0.0,2026-08-13T10:00:00Z
guangzhou,23.13,113.26,icon,2026-08-13,18.6,18:00,10.0,0.9072265625,0.85205078125,0.91943359375,0.0,2026-08-13T11:00:00Z
guangzhou,23.13,113.26,icon,2026-08-13,19.6,19:00,10.0,0.89599609375,0.85205078125,0.9248046875,0.0,2026-08-13T12:00:00Z
guangzhou,23.13,113.26,icon,2026-08-13,20.6,20:00,10.0,0.904296875,0.85205078125,0.91162109375,0.0,2026-08-13T13:00:00Z
guangzhou,23.13,113.26,icon,2026-08-13,21.6,21:00,10.0,0.8955078125,0.86181640625,0.89501953125,0.0,2026-08-13T14:00:00Z
guangzhou,23.13,113.26,icon,2026-08-13,22.6,22:00,20.4,0.89013671875,0.869140625,0.87890625,0.0,2026-08-13T15:00:00Z
guangzhou,23.13,113.26,icon,2026-08-13,23.6,23:00,10.0,0.89697265625,0.86962890625,0.87890625,0.001613616943359375,2026-08-13T16:00:00Z
guangzhou,23.13,113.26,icon,2026-08-13,0.6,00:00,10.0,0.904296875,0.87939453125,0.8359375,0.0504150390625,2026-08-13T17:00:00Z
guangzhou,23.13,113.26,icon,2026-08-13,1.6,01:00,10.0,0.9150390625,0.87939453125,0.83056640625,0.004222869873046875,2026-08-13T18:00:00Z
guangzhou,23.13,113.26,icon,2026-08-13,2.6,02:00,10.0,0.91259765625,0.9150390625,0.8017578125,0.0,2026-08-13T19:00:00Z
guangzhou,23.13,113.26,icon,2026-08-13,3.6,03:00,10.0,0.91845703125,0.9150390625,0.77099609375,0.099853515625,2026-08-13T20:00:00Z
guangzhou,23.13,113.26,icon,2026-08-13,4.6,04:00,10.0,0.91943359375,0.9150390625,0.8125,0.10015869140625,2026-08-13T21:00:00Z
guangzhou,23.13,113.26,icon,2026-08-13,5.6,05:00,10.0,0.91943359375,0.9150390625,0.85498046875,0.10015869140625,2026-08-13T22:00:00Z
guangzhou,23.13,113.26,icon,2026-08-13,6.6,06:00,10.0,0.919921875,0.9150390625,0.8974609375,0.10076904296875,2026-08-13T23:00:00Z
guangzhou,23.13,113.26,icon,2026-08-14,7.6,07:00,10.0,0.91845703125,0.9150390625,0.921875,0.1005859375,2026-08-14T00:00:00Z
guangzhou,23.13,113.26,icon,2026-08-14,8.6,08:00,10.0,0.91552734375,0.9150390625,0.93310546875,0.006084442138671875,2026-08-14T01:00:00Z
guangzhou,23.13,113.26,icon,2026-08-14,9.6,09:00,19.6,0.90625,0.9150390625,0.94580078125,0.0,2026-08-14T02:00:00Z
guangzhou,23.13,113.26,icon,2026-08-14,10.6,10:00,10.0,0.91552734375,0.9150390625,0.955078125,0.0,2026-08-14T03:00:00Z
guangzhou,23.13,113.26,icon,2026-08-14,11.6,11:00,10.0,0.92333984375,0.9150390625,0.966796875,0.0,2026-08-14T04:00:00Z
guangzhou,23.13,113.26,icon,2026-08-14,12.6,12:00,10.0,0.91552734375,0.90478515625,0.95947265625,0.0,2026-08-14T05:00:00Z
guangzhou,23.13,113.26,icon,2026-08-14,13.6,13:00,20.5,0.89501953125,0.90478515625,0.9482421875,0.0,2026-08-14T06:00:00Z
guangzhou,23.13,113.26,icon,2026-08-14,14.6,14:00,20.6,0.88916015625,0.83544921875,0.93212890625,0.0,2026-08-14T07:00:00Z
guangzhou,23.13,113.26,icon,2026-08-14,15.6,15:00,19.9,0.89794921875,0.8447265625,0.9287109375,0.0,2026-08-14T08:00:00Z
guangzhou,23.13,113.26,icon,2026-08-14,16.6,16:00,20.7,0.88916015625,0.85205078125,0.92919921875,0.0,2026-08-14T09:00:00Z
guangzhou,23.13,113.26,icon,2026-08-14,17.6,17:00,23.8,0.853515625,0.85205078125,0.92724609375,0.0,2026-08-14T10:00:00Z
guangzhou,23.13,113.26,icon,2026-08-14,18.6,18:00,25.0,0.8408203125,0.85205078125,0.9365234375,0.0,2026-08-14T11:00:00Z
guangzhou,23.13,113.26,icon,2026-08-14,19.6,19:00,28.3,0.80419921875,0.86181640625,0.953125,0.0,2026-08-14T12:00:00Z
guangzhou,23.13,113.26,icon,2026-08-14,20.6,20:00,29.4,0.79150390625,0.86181640625,0.9521484375,0.0,2026-08-14T13:00:00Z
guangzhou,23.13,113.26,icon,2026-08-14,21.6,21:00,30.1,0.7822265625,0.8447265625,0.95361328125,0.0,2026-08-14T14:00:00Z
guangzhou,23.13,113.26,icon,2026-08-14,22.6,22:00,31.7,0.7646484375,0.8447265625,0.9580078125,0.0045928955078125,2026-08-14T15:00:00Z
guangzhou,23.13,113.26,icon,2026-08-14,23.6,23:00,28.4,0.767578125,0.8447265625,0.95068359375,0.0526123046875,2026-08-14T16:00:00Z
guangzhou,23.13,113.26,icon,2026-08-14,0.6,00:00,26.4,0.7958984375,0.8427734375,0.92578125,0.05328369140625,2026-08-14T17:00:00Z
guangzhou,23.13,113.26,icon,2026-08-14,1.6,01:00,29.2,0.751953125,0.85205078125,0.9033203125,0.10028076171875,2026-08-14T18:00:00Z
guangzhou,23.13,113.26,icon,2026-08-14,2.6,02:00,31.3,0.76904296875,0.90478515625,0.89306640625,0.007198333740234375,2026-08-14T19:00:00Z
guangzhou,23.13,113.26,icon,2026-08-14,3.6,03:00,26.2,0.82568359375,0.89697265625,0.88623046875,0.007568359375,2026-08-14T20:00:00Z
guangzhou,23.13,113.26,icon,2026-08-14,4.6,04:00,28.5,0.80126953125,0.89697265625,0.89208984375,0.0,2026-08-14T21:00:00Z
guangzhou,23.13,113.26,icon,2026-08-14,5.6,05:00,37.2,0.70068359375,0.89697265625,0.88818359375,0.0088653564453125,2026-08-14T22:00:00Z
guangzhou,23.13,113.26,icon,2026-08-14,6.6,06:00,52.7,0.52587890625,0.89697265625,0.89453125,0.00812530517578125,2026-08-14T23:00:00Z
guangzhou,23.13,113.26,icon,2026-08-15,7.6,07:00,56.4,0.4833984375,0.89697265625,0.8994140625,0.0,2026-08-15T00:00:00Z
guangzhou,23.13,113.26,icon,2026-08-15,8.6,08:00,45.3,0.60986328125,0.89697265625,0.89794921875,0.0,2026-08-15T01:00:00Z
guangzhou,23.13,113.26,icon,2026-08-15,9.6,09:00,33.0,0.7490234375,0.88916015625,0.900390625,0.0,2026-08-15T02:00:00Z
guangzhou,23.13,113.26,icon,2026-08-15,10.6,10:00,28.8,0.7978515625,0.87890625,0.90966796875,0.0,2026-08-15T03:00:00Z
guangzhou,23.13,113.26,icon,2026-08-15,11.6,11:00,27.9,0.8076171875,0.86181640625,0.92529296875,0.0,2026-08-15T04:00:00Z
guangzhou,23.13,113.26,icon,2026-08-15,12.6,12:00,27.9,0.80712890625,0.86181640625,0.9345703125,0.0,2026-08-15T05:00:00Z
guangzhou,23.13,113.26,icon,2026-08-15,13.6,13:00,33.9,0.7412109375,0.87158203125,0.94873046875,0.0,2026-08-15T06:00:00Z
guangzhou,23.13,113.26,icon,2026-08-15,14.6,14:00,30.5,0.7783203125,0.8447265625,0.9501953125,0.0,2026-08-15T07:00:00Z
guangzhou,23.13,113.26,icon,2026-08-15,15.6,15:00,20.8,0.88916015625,0.86181640625,0.95263671875,0.0,2026-08-15T08:00:00Z
guangzhou,23.13,113.26,icon,2026-08-15,16.6,16:00,44.3,0.6240234375,0.87939453125,0.9560546875,0.0,2026-08-15T09:00:00Z
guangzhou,23.13,113.26,icon,2026-08-15,17.6,17:00,48.7,0.57470703125,0.89697265625,0.9599609375,0.0,2026-08-15T10:00:00Z
guangzhou,23.13,113.26,icon,2026-08-15,18.6,18:00,61.2,0.433349609375,0.9150390625,0.96240234375,0.0,2026-08-15T11:00:00Z
guangzhou,23.13,113.26,icon,2026-08-15,19.6,19:00,70.7,0.326171875,0.92333984375,0.95703125,0.0,2026-08-15T12:00:00Z
guangzhou,23.13,113.26,icon,2026-08-15,20.6,20:00,79.2,0.22900390625,0.92333984375,0.95361328125,0.0,2026-08-15T13:00:00Z
guangzhou,23.13,113.26,icon,2026-08-15,21.6,21:00,75.2,0.27490234375,0.92333984375,0.96044921875,0.0,2026-08-15T14:00:00Z
guangzhou,23.13,113.26,icon,2026-08-15,22.6,22:00,85.2,0.1619873046875,0.93359375,0.9599609375,0.0,2026-08-15T15:00:00Z
guangzhou,23.13,113.26,icon,2026-08-15,23.6,23:00,77.8,0.2462158203125,0.93359375,0.96240234375,0.0,2026-08-15T16:00:00Z
guangzhou,23.13,113.26,icon,2026-08-15,0.6,00:00,49.9,0.56396484375,0.94189453125,0.9638671875,0.0,2026-08-15T17:00:00Z
guangzhou,23.13,113.26,icon,2026-08-15,1.6,01:00,34.3,0.74072265625,0.94189453125,0.96435546875,0.0,2026-08-15T18:00:00Z
guangzhou,23.13,113.26,icon,2026-08-15,2.6,02:00,39.1,0.6875,0.95263671875,0.96923828125,0.0,2026-08-15T19:00:00Z
guangzhou,23.13,113.26,icon,2026-08-15,3.6,03:00,56.6,0.488525390625,0.95263671875,0.97314453125,0.0,2026-08-15T20:00:00Z
guangzhou,23.13,113.26,icon,2026-08-15,4.6,04:00,39.3,0.59765625,0.94189453125,0.97607421875,0.05059814453125,2026-08-15T21:00:00Z
guangzhou,23.13,113.26,icon,2026-08-15,5.6,05:00,35.6,0.66162109375,0.94189453125,0.97900390625,0.0980224609375,2026-08-15T22:00:00Z
guangzhou,23.13,113.26,icon,2026-08-15,6.6,06:00,35.0,0.67431640625,0.94189453125,0.98388671875,0.0504150390625,2026-08-15T23:00:00Z
guangzhou,23.13,113.26,ifs,2026-08-13,7.6,07:00,60.5,0.39990234375,0.485595703125,0.6513671875,0.0,2026-08-13T00:00:00Z
guangzhou,23.13,113.26,ifs,2026-08-13,8.6,08:00,53.1,0.477783203125,0.487060546875,0.5390625,0.0,2026-08-13T01:00:00Z
guangzhou,23.13,113.26,ifs,2026-08-13,9.6,09:00,25.0,0.72021484375,0.498291015625,0.52001953125,0.0,2026-08-13T02:00:00Z
guangzhou,23.13,113.26,ifs,2026-08-13,10.6,10:00,16.5,0.89501953125,0.515625,0.5322265625,0.0,2026-08-13T03:00:00Z
guangzhou,23.13,113.26,ifs,2026-08-13,11.6,11:00,14.3,0.92431640625,0.54736328125,0.57421875,0.0,2026-08-13T04:00:00Z
guangzhou,23.13,113.26,ifs,2026-08-13,12.6,12:00,10.0,0.7568359375,0.5810546875,0.63134765625,0.0,2026-08-13T05:00:00Z
guangzhou,23.13,113.26,ifs,2026-08-13,13.6,13:00,25.0,0.6064453125,0.60302734375,0.3984375,0.0,2026-08-13T06:00:00Z
guangzhou,23.13,113.26,ifs,2026-08-13,14.6,14:00,32.9,0.71630859375,0.771484375,0.422119140625,0.0,2026-08-13T07:00:00Z
guangzhou,23.13,113.26,ifs,2026-08-13,15.6,15:00,16.7,0.90625,0.787109375,0.4990234375,0.0,2026-08-13T08:00:00Z
guangzhou,23.13,113.26,ifs,2026-08-13,16.6,16:00,10.0,0.83740234375,0.7783203125,0.71044921875,0.0,2026-08-13T09:00:00Z
guangzhou,23.13,113.26,ifs,2026-08-13,17.6,17:00,10.0,0.724609375,0.77783203125,0.48583984375,0.0,2026-08-13T10:00:00Z
guangzhou,23.13,113.26,ifs,2026-08-13,18.6,18:00,10.0,0.84130859375,0.75537109375,0.67529296875,0.0,2026-08-13T11:00:00Z
guangzhou,23.13,113.26,ifs,2026-08-13,19.6,19:00,10.0,0.67822265625,0.72607421875,0.6171875,0.237548828125,2026-08-13T12:00:00Z
guangzhou,23.13,113.26,ifs,2026-08-13,20.6,20:00,10.0,0.68701171875,0.697265625,0.587890625,0.375,2026-08-13T13:00:00Z
guangzhou,23.13,113.26,ifs,2026-08-13,21.6,21:00,22.3,0.7861328125,0.6552734375,0.58837890625,0.375,2026-08-13T14:00:00Z
guangzhou,23.13,113.26,ifs,2026-08-13,22.6,22:00,17.6,0.87158203125,0.6171875,0.5673828125,0.324951171875,2026-08-13T15:00:00Z
guangzhou,23.13,113.26,ifs,2026-08-13,23.6,23:00,10.0,0.826171875,0.5810546875,0.630859375,0.300048828125,2026-08-13T16:00:00Z
guangzhou,23.13,113.26,ifs,2026-08-13,0.6,00:00,10.0,0.90185546875,0.55322265625,0.59326171875,0.387451171875,2026-08-13T17:00:00Z
guangzhou,23.13,113.26,ifs,2026-08-13,1.6,01:00,10.0,0.91650390625,0.5166015625,0.52783203125,0.47509765625,2026-08-13T18:00:00Z
guangzhou,23.13,113.26,ifs,2026-08-13,2.6,02:00,10.0,0.89453125,0.378173828125,0.59130859375,0.39990234375,2026-08-13T19:00:00Z
guangzhou,23.13,113.26,ifs,2026-08-13,3.6,03:00,10.0,0.9287109375,0.349365234375,0.57275390625,0.41259765625,2026-08-13T20:00:00Z
guangzhou,23.13,113.26,ifs,2026-08-13,4.6,04:00,10.0,0.888671875,0.339599609375,0.533203125,0.39990234375,2026-08-13T21:00:00Z
guangzhou,23.13,113.26,ifs,2026-08-13,5.6,05:00,10.0,0.9189453125,0.3505859375,0.4677734375,0.41259765625,2026-08-13T22:00:00Z
guangzhou,23.13,113.26,ifs,2026-08-13,6.6,06:00,10.0,0.90625,0.370361328125,0.52685546875,0.375,2026-08-13T23:00:00Z
guangzhou,23.13,113.26,ifs,2026-08-14,7.6,07:00,10.0,0.92431640625,0.413818359375,0.52880859375,0.425048828125,2026-08-14T00:00:00Z
guangzhou,23.13,113.26,ifs,2026-08-14,8.6,08:00,10.0,0.8203125,0.475830078125,0.59375,0.375,2026-08-14T01:00:00Z
guangzhou,23.13,113.26,ifs,2026-08-14,9.6,09:00,10.0,0.826171875,0.52001953125,0.69384765625,0.04998779296875,2026-08-14T02:00:00Z
guangzhou,23.13,113.26,ifs,2026-08-14,10.6,10:00,16.7,0.90283203125,0.54443359375,0.6767578125,0.0,2026-08-14T03:00:00Z
guangzhou,23.13,113.26,ifs,2026-08-14,11.6,11:00,16.7,0.9013671875,0.55517578125,0.65380859375,0.0,2026-08-14T04:00:00Z
guangzhou,23.13,113.26,ifs,2026-08-14,12.6,12:00,25.0,0.794921875,0.56640625,0.64990234375,0.0,2026-08-14T05:00:00Z
guangzhou,23.13,113.26,ifs,2026-08-14,13.6,13:00,24.1,0.8154296875,0.5732421875,0.59716796875,0.0,2026-08-14T06:00:00Z
guangzhou,23.13,113.26,ifs,2026-08-14,14.6,14:00,25.0,0.71484375,0.578125,0.54150390625,0.0,2026-08-14T07:00:00Z
guangzhou,23.13,113.26,ifs,2026-08-14,15.6,15:00,25.0,0.7197265625,0.57177734375,0.447265625,0.0,2026-08-14T08:00:00Z
guangzhou,23.13,113.26,ifs,2026-08-14,16.6,16:00,25.0,0.7119140625,0.5703125,0.51416015625,0.0,2026-08-14T09:00:00Z
guangzhou,23.13,113.26,ifs,2026-08-14,17.6,17:00,10.0,0.7802734375,0.5869140625,0.716796875,0.175048828125,2026-08-14T10:00:00Z
guangzhou,23.13,113.26,ifs,2026-08-14,18.6,18:00,25.0,0.76416015625,0.5986328125,0.67138671875,0.324951171875,2026-08-14T11:00:00Z
guangzhou,23.13,113.26,ifs,2026-08-14,19.6,19:00,25.0,0.74609375,0.6162109375,0.6396484375,0.33740234375,2026-08-14T12:00:00Z
guangzhou,23.13,113.26,ifs,2026-08-14,20.6,20:00,23.4,0.76318359375,0.62841796875,0.5615234375,0.375,2026-08-14T13:00:00Z
guangzhou,23.13,113.26,ifs,2026-08-14,21.6,21:00,22.3,0.806640625,0.64111328125,0.5263671875,0.35009765625,2026-08-14T14:00:00Z
guangzhou,23.13,113.26,ifs,2026-08-14,22.6,22:00,25.0,0.7275390625,0.64111328125,0.52392578125,0.1875,2026-08-14T15:00:00Z
guangzhou,23.13,113.26,ifs,2026-08-14,23.6,23:00,33.6,0.63720703125,0.65380859375,0.52880859375,0.27490234375,2026-08-14T16:00:00Z
guangzhou,23.13,113.26,ifs,2026-08-14,0.6,00:00,25.0,0.73486328125,0.6689453125,0.5830078125,0.25,2026-08-14T17:00:00Z
guangzhou,23.13,113.26,ifs,2026-08-14,1.6,01:00,10.0,0.669921875,0.6689453125,0.57861328125,0.35009765625,2026-08-14T18:00:00Z
guangzhou,23.13,113.26,ifs,2026-08-14,2.6,02:00,25.0,0.6396484375,0.470458984375,0.50390625,0.387451171875,2026-08-14T19:00:00Z
guangzhou,23.13,113.26,ifs,2026-08-14,3.6,03:00,30.8,0.66552734375,0.46630859375,0.50390625,0.362548828125,2026-08-14T20:00:00Z
guangzhou,23.13,113.26,ifs,2026-08-14,4.6,04:00,12.8,0.91357421875,0.4677734375,0.490234375,0.39990234375,2026-08-14T21:00:00Z
guangzhou,23.13,113.26,ifs,2026-08-14,5.6,05:00,10.0,0.73046875,0.462646484375,0.50048828125,0.425048828125,2026-08-14T22:00:00Z
guangzhou,23.13,113.26,ifs,2026-08-14,6.6,06:00,21.1,0.81640625,0.465576171875,0.59130859375,0.324951171875,2026-08-14T23:00:00Z
guangzhou,23.13,113.26,ifs,2026-08-15,7.6,07:00,10.0,0.87451171875,0.473876953125,0.595703125,0.387451171875,2026-08-15T00:00:00Z
guangzhou,23.13,113.26,ifs,2026-08-15,8.6,08:00,10.0,0.82421875,0.48779296875,0.61865234375,0.0,2026-08-15T01:00:00Z
guangzhou,23.13,113.26,ifs,2026-08-15,9.6,09:00,14.6,0.91650390625,0.5029296875,0.54833984375,0.0,2026-08-15T02:00:00Z
guangzhou,23.13,113.26,ifs,2026-08-15,10.6,10:00,29.1,0.74951171875,0.53515625,0.47021484375,0.0,2026-08-15T03:00:00Z
guangzhou,23.13,113.26,ifs,2026-08-15,11.6,11:00,45.0,0.5703125,0.5634765625,0.467041015625,0.0,2026-08-15T04:00:00Z
guangzhou,23.13,113.26,ifs,2026-08-15,12.6,12:00,25.0,0.68115234375,0.56982421875,0.485107421875,0.0,2026-08-15T05:00:00Z
guangzhou,23.13,113.26,ifs,2026-08-15,13.6,13:00,25.0,0.69287109375,0.58642578125,0.51513671875,0.0,2026-08-15T06:00:00Z
guangzhou,23.13,113.26,ifs,2026-08-15,14.6,14:00,25.0,0.552734375,0.5654296875,0.46435546875,0.0,2026-08-15T07:00:00Z
guangzhou,23.13,113.26,ifs,2026-08-15,15.6,15:00,25.0,0.7138671875,0.5751953125,0.53271484375,0.0,2026-08-15T08:00:00Z
guangzhou,23.13,113.26,ifs,2026-08-15,16.6,16:00,10.0,0.822265625,0.5791015625,0.78857421875,0.0,2026-08-15T09:00:00Z
guangzhou,23.13,113.26,ifs,2026-08-15,17.6,17:00,10.0,0.70263671875,0.59033203125,0.69384765625,0.300048828125,2026-08-15T10:00:00Z
guangzhou,23.13,113.26,ifs,2026-08-15,18.6,18:00,10.0,0.6943359375,0.61474609375,0.6865234375,0.35009765625,2026-08-15T11:00:00Z
guangzhou,23.13,113.26,ifs,2026-08-15,19.6,19:00,30.9,0.68115234375,0.626953125,0.57177734375,0.33740234375,2026-08-15T12:00:00Z
guangzhou,23.13,113.26,ifs,2026-08-15,20.6,20:00,26.0,0.70849609375,0.626953125,0.53564453125,0.39990234375,2026-08-15T13:00:00Z
guangzhou,23.13,113.26,ifs,2026-08-15,21.6,21:00,21.8,0.7900390625,0.626953125,0.56005859375,0.4375,2026-08-15T14:00:00Z
guangzhou,23.13,113.26,ifs,2026-08-15,22.6,22:00,18.8,0.86767578125,0.64111328125,0.7099609375,0.27490234375,2026-08-15T15:00:00Z
guangzhou,23.13,113.26,ifs,2026-08-15,23.6,23:00,25.0,0.720703125,0.642578125,0.6279296875,0.324951171875,2026-08-15T16:00:00Z
guangzhou,23.13,113.26,ifs,2026-08-15,0.6,00:00,10.0,0.82177734375,0.63720703125,0.5693359375,0.39990234375,2026-08-15T17:00:00Z
guangzhou,23.13,113.26,ifs,2026-08-15,1.6,01:00,24.0,0.7470703125,0.63134765625,0.517578125,0.425048828125,2026-08-15T18:00:00Z
guangzhou,23.13,113.26,ifs,2026-08-15,2.6,02:00,21.6,0.787109375,0.56005859375,0.52587890625,0.387451171875,2026-08-15T19:00:00Z
guangzhou,23.13,113.26,ifs,2026-08-15,3.6,03:00,24.7,0.7626953125,0.548828125,0.462158203125,0.33740234375,2026-08-15T20:00:00Z
guangzhou,23.13,113.26,ifs,2026-08-15,4.6,04:00,10.0,0.90380859375,0.52734375,0.67529296875,0.28759765625,2026-08-15T21:00:00Z
guangzhou,23.13,113.26,ifs,2026-08-15,5.6,05:00,10.0,0.8955078125,0.49560546875,0.65283203125,0.324951171875,2026-08-15T22:00:00Z
guangzhou,23.13,113.26,ifs,2026-08-15,6.6,06:00,24.1,0.73876953125,0.46142578125,0.58740234375,0.375,2026-08-15T23:00:00Z
xian,34.34,108.94,icon,2026-08-13,7.3,07:00,18.6,0.89794921875,0.732421875,0.97705078125,0.06597900390625,2026-08-13T00:00:00Z
xian,34.34,108.94,icon,2026-08-13,8.3,08:00,19.7,0.89501953125,0.72412109375,0.9658203125,0.0,2026-08-13T01:00:00Z
xian,34.34,108.94,icon,2026-08-13,9.3,09:00,20.7,0.88232421875,0.70947265625,0.95458984375,0.0,2026-08-13T02:00:00Z
xian,34.34,108.94,icon,2026-08-13,10.3,10:00,22.1,0.86181640625,0.68603515625,0.9013671875,0.0,2026-08-13T03:00:00Z
xian,34.34,108.94,icon,2026-08-13,11.3,11:00,20.9,0.8740234375,0.68603515625,0.8798828125,0.0,2026-08-13T04:00:00Z
xian,34.34,108.94,icon,2026-08-13,12.3,12:00,21.6,0.869140625,0.68310546875,0.92578125,0.0,2026-08-13T05:00:00Z
xian,34.34,108.94,icon,2026-08-13,13.3,13:00,24.7,0.8359375,0.68310546875,0.95849609375,0.0,2026-08-13T06:00:00Z
xian,34.34,108.94,icon,2026-08-13,14.3,14:00,21.8,0.8720703125,0.74560546875,0.9716796875,0.0,2026-08-13T07:00:00Z
xian,34.34,108.94,icon,2026-08-13,15.3,15:00,33.2,0.74365234375,0.76025390625,0.97412109375,0.0,2026-08-13T08:00:00Z
xian,34.34,108.94,icon,2026-08-13,16.3,16:00,26.7,0.818359375,0.7685546875,0.9736328125,0.0,2026-08-13T09:00:00Z
xian,34.34,108.94,icon,2026-08-13,17.3,17:00,25.4,0.83349609375,0.763671875,0.97509765625,0.0,2026-08-13T10:00:00Z
xian,34.34,108.94,icon,2026-08-13,18.3,18:00,28.4,0.79736328125,0.7412109375,0.97607421875,0.0,2026-08-13T11:00:00Z
xian,34.34,108.94,icon,2026-08-13,19.3,19:00,64.5,0.385498046875,0.71484375,0.9716796875,0.0,2026-08-13T12:00:00Z
xian,34.34,108.94,icon,2026-08-13,20.3,20:00,42.6,0.6318359375,0.67333984375,0.974609375,0.0,2026-08-13T13:00:00Z
xian,34.34,108.94,icon,2026-08-13,21.3,21:00,37.2,0.69189453125,0.65478515625,0.9609375,0.0,2026-08-13T14:00:00Z
xian,34.34,108.94,icon,2026-08-13,22.3,22:00,39.3,0.6650390625,0.6572265625,0.9130859375,0.0,2026-08-13T15:00:00Z
xian,34.34,108.94,icon,2026-08-13,23.3,23:00,34.7,0.72021484375,0.67431640625,0.92919921875,0.0,2026-08-13T16:00:00Z
xian,34.34,108.94,icon,2026-08-13,0.3,00:00,25.5,0.82568359375,0.6865234375,0.947265625,0.0,2026-08-13T17:00:00Z
xian,34.34,108.94,icon,2026-08-13,1.3,01:00,23.6,0.8466796875,0.71923828125,0.90625,0.0,2026-08-13T18:00:00Z
xian,34.34,108.94,icon,2026-08-13,2.3,02:00,36.2,0.70947265625,0.80712890625,0.9150390625,0.0173492431640625,2026-08-13T19:00:00Z
xian,34.34,108.94,icon,2026-08-13,3.3,03:00,29.6,0.74755859375,0.81103515625,0.95458984375,0.06512451171875,2026-08-13T20:00:00Z
xian,34.34,108.94,icon,2026-08-13,4.3,04:00,27.4,0.77490234375,0.77880859375,0.966796875,0.200927734375,2026-08-13T21:00:00Z
xian,34.34,108.94,icon,2026-08-13,5.3,05:00,21.0,0.86181640625,0.73486328125,0.97265625,0.2452392578125,2026-08-13T22:00:00Z
xian,34.34,108.94,icon,2026-08-13,6.3,06:00,18.7,0.89013671875,0.7109375,0.96240234375,0.2449951171875,2026-08-13T23:00:00Z
xian,34.34,108.94,icon,2026-08-14,7.3,07:00,20.4,0.88671875,0.7265625,0.95556640625,0.0,2026-08-14T00:00:00Z
xian,34.34,108.94,icon,2026-08-14,8.3,08:00,23.1,0.857421875,0.728515625,0.97216796875,0.0,2026-08-14T01:00:00Z
xian,34.34,108.94,icon,2026-08-14,9.3,09:00,23.9,0.8466796875,0.71826171875,0.95703125,0.0,2026-08-14T02:00:00Z
xian,34.34,108.94,icon,2026-08-14,10.3,10:00,24.8,0.83447265625,0.71337890625,0.92529296875,0.0,2026-08-14T03:00:00Z
xian,34.34,108.94,icon,2026-08-14,11.3,11:00,28.6,0.791015625,0.75390625,0.89306640625,0.0,2026-08-14T04:00:00Z
xian,34.34,108.94,icon,2026-08-14,12.3,12:00,31.8,0.755859375,0.78662109375,0.87841796875,0.0,2026-08-14T05:00:00Z
xian,34.34,108.94,icon,2026-08-14,13.3,13:00,22.3,0.865234375,0.78662109375,0.8935546875,0.0,2026-08-14T06:00:00Z
xian,34.34,108.94,icon,2026-08-14,14.3,14:00,32.2,0.7529296875,0.80517578125,0.88818359375,0.0,2026-08-14T07:00:00Z
xian,34.34,108.94,icon,2026-08-14,15.3,15:00,45.2,0.60595703125,0.81591796875,0.87890625,0.0,2026-08-14T08:00:00Z
xian,34.34,108.94,icon,2026-08-14,16.3,16:00,30.5,0.7724609375,0.81884765625,0.88134765625,0.0,2026-08-14T09:00:00Z
xian,34.34,108.94,icon,2026-08-14,17.3,17:00,65.5,0.375732421875,0.81884765625,0.89306640625,0.0,2026-08-14T10:00:00Z
xian,34.34,108.94,icon,2026-08-14,18.3,18:00,98.1,0.006801605224609375,0.81884765625,0.9091796875,0.0,2026-08-14T11:00:00Z
xian,34.34,108.94,icon,2026-08-14,19.3,19:00,84.9,0.1549072265625,0.82763671875,0.88330078125,0.0,2026-08-14T12:00:00Z
xian,34.34,108.94,icon,2026-08-14,20.3,20:00,64.0,0.389404296875,0.8203125,0.82470703125,0.0,2026-08-14T13:00:00Z
xian,34.34,108.94,icon,2026-08-14,21.3,21:00,73.4,0.2802734375,0.81298828125,0.7919921875,0.0,2026-08-14T14:00:00Z
xian,34.34,108.94,icon,2026-08-14,22.3,22:00,76.5,0.241943359375,0.796875,0.76806640625,0.0,2026-08-14T15:00:00Z
xian,34.34,108.94,icon,2026-08-14,23.3,23:00,86.0,0.1312255859375,0.76708984375,0.74462890625,0.0,2026-08-14T16:00:00Z
xian,34.34,108.94,icon,2026-08-14,0.3,00:00,83.4,0.1597900390625,0.7470703125,0.73681640625,0.0,2026-08-14T17:00:00Z
xian,34.34,108.94,icon,2026-08-14,1.3,01:00,79.6,0.2030029296875,0.7548828125,0.73388671875,0.0,2026-08-14T18:00:00Z
xian,34.34,108.94,icon,2026-08-14,2.3,02:00,63.4,0.389404296875,0.796875,0.728515625,0.0,2026-08-14T19:00:00Z
xian,34.34,108.94,icon,2026-08-14,3.3,03:00,55.2,0.47998046875,0.78662109375,0.70166015625,0.0,2026-08-14T20:00:00Z
xian,34.34,108.94,icon,2026-08-14,4.3,04:00,55.6,0.4755859375,0.794921875,0.6982421875,0.0,2026-08-14T21:00:00Z
xian,34.34,108.94,icon,2026-08-14,5.3,05:00,51.7,0.51953125,0.78662109375,0.6962890625,0.0,2026-08-14T22:00:00Z
xian,34.34,108.94,icon,2026-08-14,6.3,06:00,46.0,0.58544921875,0.7998046875,0.693359375,0.0,2026-08-14T23:00:00Z
xian,34.34,108.94,icon,2026-08-15,7.3,07:00,44.3,0.60400390625,0.802734375,0.6865234375,0.0,2026-08-15T00:00:00Z
xian,34.34,108.94,icon,2026-08-15,8.3,08:00,37.8,0.67822265625,0.7978515625,0.70556640625,0.0,2026-08-15T01:00:00Z
xian,34.34,108.94,icon,2026-08-15,9.3,09:00,56.5,0.4658203125,0.7734375,0.7265625,0.0,2026-08-15T02:00:00Z
xian,34.34,108.94,icon,2026-08-15,10.3,10:00,20.4,0.8759765625,0.77099609375,0.73291015625,0.0,2026-08-15T03:00:00Z
xian,34.34,108.94,icon,2026-08-15,11.3,11:00,36.1,0.69775390625,0.78173828125,0.72998046875,0.0,2026-08-15T04:00:00Z
xian,34.34,108.94,icon,2026-08-15,12.3,12:00,23.6,0.83984375,0.76806640625,0.7421875,0.0,2026-08-15T05:00:00Z
xian,34.34,108.94,icon,2026-08-15,13.3,13:00,20.2,0.87646484375,0.7529296875,0.71728515625,0.0,2026-08-15T06:00:00Z
xian,34.34,108.94,icon,2026-08-15,14.3,14:00,32.4,0.73779296875,0.74072265625,0.73388671875,0.0,2026-08-15T07:00:00Z
xian,34.34,108.94,icon,2026-08-15,15.3,15:00,48.2,0.56005859375,0.75341796875,0.73681640625,0.0,2026-08-15T08:00:00Z
xian,34.34,108.94,icon,2026-08-15,16.3,16:00,54.3,0.490478515625,0.78173828125,0.71044921875,0.0,2026-08-15T09:00:00Z
xian,34.34,108.94,icon,2026-08-15,17.3,17:00,83.4,0.16064453125,0.8046875,0.6982421875,0.0,2026-08-15T10:00:00Z
xian,34.34,108.94,icon,2026-08-15,18.3,18:00,34.8,0.7158203125,0.8310546875,0.71533203125,0.0,2026-08-15T11:00:00Z
xian,34.34,108.94,icon,2026-08-15,19.3,19:00,37.8,0.6826171875,0.849609375,0.7197265625,0.0,2026-08-15T12:00:00Z
xian,34.34,108.94,icon,2026-08-15,20.3,20:00,37.7,0.685546875,0.859375,0.74951171875,0.0,2026-08-15T13:00:00Z
xian,34.34,108.94,icon,2026-08-15,21.3,21:00,80.4,0.2012939453125,0.86669921875,0.75,0.0,2026-08-15T14:00:00Z
xian,34.34,108.94,icon,2026-08-15,22.3,22:00,30.2,0.77294921875,0.869140625,0.7724609375,0.0,2026-08-15T15:00:00Z
xian,34.34,108.94,icon,2026-08-15,23.3,23:00,22.3,0.86328125,0.87890625,0.771484375,0.0,2026-08-15T16:00:00Z
xian,34.34,108.94,icon,2026-08-15,0.3,00:00,22.8,0.85791015625,0.87890625,0.787109375,0.0,2026-08-15T17:00:00Z
xian,34.34,108.94,icon,2026-08-15,1.3,01:00,22.1,0.86767578125,0.88427734375,0.8037109375,0.0,2026-08-15T18:00:00Z
xian,34.34,108.94,icon,2026-08-15,2.3,02:00,21.4,0.873046875,0.849609375,0.7958984375,0.0,2026-08-15T19:00:00Z
xian,34.34,108.94,icon,2026-08-15,3.3,03:00,23.4,0.85205078125,0.849609375,0.81884765625,0.0,2026-08-15T20:00:00Z
xian,34.34,108.94,icon,2026-08-15,4.3,04:00,19.6,0.89599609375,0.849609375,0.8466796875,0.0,2026-08-15T21:00:00Z
xian,34.34,108.94,icon,2026-08-15,5.3,05:00,19.0,0.90478515625,0.849609375,0.8623046875,0.0,2026-08-15T22:00:00Z
xian,34.34,108.94,icon,2026-08-15,6.3,06:00,20.0,0.892578125,0.849609375,0.86767578125,0.0,2026-08-15T23:00:00Z
xian,34.34,108.94,ifs,2026-08-13,7.3,07:00,17.8,0.84765625,0.2247314453125,0.560546875,0.2125244140625,2026-08-13T00:00:00Z
xian,34.34,108.94,ifs,2026-08-13,8.3,08:00,10.0,0.923828125,0.1993408203125,0.6591796875,0.07501220703125,2026-08-13T01:00:00Z
xian,34.34,108.94,ifs,2026-08-13,9.3,09:00,10.0,0.79833984375,0.173095703125,0.57861328125,0.0,2026-08-13T02:00:00Z
xian,34.34,108.94,ifs,2026-08-13,10.3,10:00,25.0,0.65478515625,0.1475830078125,0.48681640625,0.0,2026-08-13T03:00:00Z
xian,34.34,108.94,ifs,2026-08-13,11.3,11:00,26.1,0.75927734375,0.1263427734375,0.45947265625,0.0,2026-08-13T04:00:00Z
xian,34.34,108.94,ifs,2026-08-13,12.3,12:00,22.5,0.79443359375,0.1025390625,0.367919921875,0.0,2026-08-13T05:00:00Z
xian,34.34,108.94,ifs,2026-08-13,13.3,13:00,25.0,0.76123046875,0.11199951171875,0.333740234375,0.0,2026-08-13T06:00:00Z
xian,34.34,108.94,ifs,2026-08-13,14.3,14:00,25.0,0.412353515625,0.09259033203125,0.35888671875,0.0,2026-08-13T07:00:00Z
xian,34.34,108.94,ifs,2026-08-13,15.3,15:00,31.7,0.69091796875,0.10546875,0.3935546875,0.0,2026-08-13T08:00:00Z
xian,34.34,108.94,ifs,2026-08-13,16.3,16:00,35.2,0.65234375,0.1285400390625,0.394775390625,0.0,2026-08-13T09:00:00Z
xian,34.34,108.94,ifs,2026-08-13,17.3,17:00,75.4,0.19970703125,0.1688232421875,0.4248046875,0.0,2026-08-13T10:00:00Z
xian,34.34,108.94,ifs,2026-08-13,18.3,18:00,47.4,0.5263671875,0.2208251953125,0.52734375,0.0,2026-08-13T11:00:00Z
xian,34.34,108.94,ifs,2026-08-13,19.3,19:00,41.1,0.609375,0.25634765625,0.6787109375,0.0,2026-08-13T12:00:00Z
xian,34.34,108.94,ifs,2026-08-13,20.3,20:00,33.4,0.69775390625,0.27392578125,0.68505859375,0.0,2026-08-13T13:00:00Z
xian,34.34,108.94,ifs,2026-08-13,21.3,21:00,47.1,0.5419921875,0.30615234375,0.64892578125,0.0,2026-08-13T14:00:00Z
xian,34.34,108.94,ifs,2026-08-13,22.3,22:00,50.2,0.50537109375,0.332763671875,0.61669921875,0.04998779296875,2026-08-13T15:00:00Z
xian,34.34,108.94,ifs,2026-08-13,23.3,23:00,46.6,0.359619140625,0.35693359375,0.578125,0.199951171875,2026-08-13T16:00:00Z
xian,34.34,108.94,ifs,2026-08-13,0.3,00:00,55.8,0.048431396484375,0.394775390625,0.609375,0.28759765625,2026-08-13T17:00:00Z
xian,34.34,108.94,ifs,2026-08-13,1.3,01:00,56.3,0.03253173828125,0.41455078125,0.6279296875,0.27490234375,2026-08-13T18:00:00Z
xian,34.34,108.94,ifs,2026-08-13,2.3,02:00,53.4,0.1376953125,0.27685546875,0.5693359375,0.3125,2026-08-13T19:00:00Z
xian,34.34,108.94,ifs,2026-08-13,3.3,03:00,34.2,0.2998046875,0.285888671875,0.56689453125,0.387451171875,2026-08-13T20:00:00Z
xian,34.34,108.94,ifs,2026-08-13,4.3,04:00,30.4,0.0718994140625,0.30078125,0.482666015625,0.47509765625,2026-08-13T21:00:00Z
xian,34.34,108.94,ifs,2026-08-13,5.3,05:00,9.4,0.94189453125,0.2998046875,0.435791015625,0.47509765625,2026-08-13T22:00:00Z
xian,34.34,108.94,ifs,2026-08-13,6.3,06:00,9.5,0.94189453125,0.296875,0.451416015625,0.47509765625,2026-08-13T23:00:00Z
xian,34.34,108.94,ifs,2026-08-14,7.3,07:00,10.6,0.93994140625,0.28759765625,0.51220703125,0.2125244140625,2026-08-14T00:00:00Z
xian,34.34,108.94,ifs,2026-08-14,8.3,08:00,25.3,0.77978515625,0.258544921875,0.53076171875,0.0,2026-08-14T01:00:00Z
xian,34.34,108.94,ifs,2026-08-14,9.3,09:00,40.4,0.60546875,0.2276611328125,0.50439453125,0.0,2026-08-14T02:00:00Z
xian,34.34,108.94,ifs,2026-08-14,10.3,10:00,25.0,0.388916015625,0.201416015625,0.4345703125,0.0,2026-08-14T03:00:00Z
xian,34.34,108.94,ifs,2026-08-14,11.3,11:00,25.0,0.277587890625,0.2080078125,0.5185546875,0.0,2026-08-14T04:00:00Z
xian,34.34,108.94,ifs,2026-08-14,12.3,12:00,74.6,0.21484375,0.2176513671875,0.49169921875,0.0,2026-08-14T05:00:00Z
xian,34.34,108.94,ifs,2026-08-14,13.3,13:00,73.6,0.2279052734375,0.25537109375,0.4658203125,0.0,2026-08-14T06:00:00Z
xian,34.34,108.94,ifs,2026-08-14,14.3,14:00,82.1,0.1331787109375,0.28173828125,0.47802734375,0.0,2026-08-14T07:00:00Z
xian,34.34,108.94,ifs,2026-08-14,15.3,15:00,87.2,0.0787353515625,0.261474609375,0.57763671875,0.0,2026-08-14T08:00:00Z
xian,34.34,108.94,ifs,2026-08-14,16.3,16:00,89.9,0.05279541015625,0.321044921875,0.5908203125,0.0,2026-08-14T09:00:00Z
xian,34.34,108.94,ifs,2026-08-14,17.3,17:00,89.9,0.05596923828125,0.343994140625,0.61328125,0.0,2026-08-14T10:00:00Z
xian,34.34,108.94,ifs,2026-08-14,18.3,18:00,90.1,0.058868408203125,0.385498046875,0.66796875,0.0,2026-08-14T11:00:00Z
xian,34.34,108.94,ifs,2026-08-14,19.3,19:00,82.1,0.1502685546875,0.4169921875,0.658203125,0.0,2026-08-14T12:00:00Z
xian,34.34,108.94,ifs,2026-08-14,20.3,20:00,81.8,0.151123046875,0.4375,0.5693359375,0.0,2026-08-14T13:00:00Z
xian,34.34,108.94,ifs,2026-08-14,21.3,21:00,89.9,0.06317138671875,0.476318359375,0.626953125,0.0,2026-08-14T14:00:00Z
xian,34.34,108.94,ifs,2026-08-14,22.3,22:00,90.9,0.053009033203125,0.50732421875,0.59912109375,0.0,2026-08-14T15:00:00Z
xian,34.34,108.94,ifs,2026-08-14,23.3,23:00,89.2,0.06982421875,0.54052734375,0.5498046875,0.037506103515625,2026-08-14T16:00:00Z
xian,34.34,108.94,ifs,2026-08-14,0.3,00:00,56.3,0.053741455078125,0.56494140625,0.5673828125,0.137451171875,2026-08-14T17:00:00Z
xian,34.34,108.94,ifs,2026-08-14,1.3,01:00,53.1,0.1988525390625,0.583984375,0.60986328125,0.199951171875,2026-08-14T18:00:00Z
xian,34.34,108.94,ifs,2026-08-14,2.3,02:00,51.8,0.2232666015625,0.4638671875,0.59130859375,0.2125244140625,2026-08-14T19:00:00Z
xian,34.34,108.94,ifs,2026-08-14,3.3,03:00,50.2,0.2724609375,0.477783203125,0.5625,0.25,2026-08-14T20:00:00Z
xian,34.34,108.94,ifs,2026-08-14,4.3,04:00,52.4,0.19873046875,0.47802734375,0.55126953125,0.28759765625,2026-08-14T21:00:00Z
xian,34.34,108.94,ifs,2026-08-14,5.3,05:00,48.5,0.312744140625,0.478271484375,0.53857421875,0.324951171875,2026-08-14T22:00:00Z
xian,34.34,108.94,ifs,2026-08-14,6.3,06:00,44.9,0.40625,0.48095703125,0.55517578125,0.262451171875,2026-08-14T23:00:00Z
xian,34.34,108.94,ifs,2026-08-15,7.3,07:00,67.1,0.320068359375,0.46484375,0.595703125,0.0,2026-08-15T00:00:00Z
xian,34.34,108.94,ifs,2026-08-15,8.3,08:00,58.7,0.4130859375,0.451171875,0.55419921875,0.0,2026-08-15T01:00:00Z
xian,34.34,108.94,ifs,2026-08-15,9.3,09:00,23.6,0.810546875,0.438232421875,0.54345703125,0.0,2026-08-15T02:00:00Z
xian,34.34,108.94,ifs,2026-08-15,10.3,10:00,23.7,0.80712890625,0.4287109375,0.5048828125,0.0,2026-08-15T03:00:00Z
xian,34.34,108.94,ifs,2026-08-15,11.3,11:00,26.5,0.7724609375,0.40576171875,0.486083984375,0.0,2026-08-15T04:00:00Z
xian,34.34,108.94,ifs,2026-08-15,12.3,12:00,18.9,0.85595703125,0.402099609375,0.44921875,0.0,2026-08-15T05:00:00Z
xian,34.34,108.94,ifs,2026-08-15,13.3,13:00,29.9,0.7314453125,0.41015625,0.4365234375,0.0,2026-08-15T06:00:00Z
xian,34.34,108.94,ifs,2026-08-15,14.3,14:00,28.7,0.74609375,0.42919921875,0.439697265625,0.0,2026-08-15T07:00:00Z
xian,34.34,108.94,ifs,2026-08-15,15.3,15:00,38.7,0.6318359375,0.415283203125,0.431884765625,0.0,2026-08-15T08:00:00Z
xian,34.34,108.94,ifs,2026-08-15,16.3,16:00,53.3,0.46826171875,0.421875,0.484619140625,0.0,2026-08-15T09:00:00Z
xian,34.34,108.94,ifs,2026-08-15,17.3,17:00,76.9,0.205078125,0.456298828125,0.54345703125,0.0,2026-08-15T10:00:00Z
xian,34.34,108.94,ifs,2026-08-15,18.3,18:00,73.9,0.24658203125,0.4912109375,0.62158203125,0.0,2026-08-15T11:00:00Z
xian,34.34,108.94,ifs,2026-08-15,19.3,19:00,84.9,0.12310791015625,0.52294921875,0.61962890625,0.0,2026-08-15T12:00:00Z
xian,34.34,108.94,ifs,2026-08-15,20.3,20:00,80.6,0.173095703125,0.54833984375,0.61474609375,0.0,2026-08-15T13:00:00Z
xian,34.34,108.94,ifs,2026-08-15,21.3,21:00,83.4,0.14306640625,0.55859375,0.63330078125,0.0,2026-08-15T14:00:00Z
xian,34.34,108.94,ifs,2026-08-15,22.3,22:00,89.6,0.07049560546875,0.5576171875,0.6005859375,0.0,2026-08-15T15:00:00Z
xian,34.34,108.94,ifs,2026-08-15,23.3,23:00,56.0,0.07574462890625,0.5595703125,0.5634765625,0.0875244140625,2026-08-15T16:00:00Z
xian,34.34,108.94,ifs,2026-08-15,0.3,00:00,56.5,0.03240966796875,0.5576171875,0.54931640625,0.2249755859375,2026-08-15T17:00:00Z
xian,34.34,108.94,ifs,2026-08-15,1.3,01:00,55.2,0.0924072265625,0.55322265625,0.521484375,0.3125,2026-08-15T18:00:00Z
xian,34.34,108.94,ifs,2026-08-15,2.3,02:00,55.1,0.065673828125,0.37646484375,0.5166015625,0.362548828125,2026-08-15T19:00:00Z
xian,34.34,108.94,ifs,2026-08-15,3.3,03:00,30.4,0.06494140625,0.3681640625,0.5205078125,0.375,2026-08-15T20:00:00Z
xian,34.34,108.94,ifs,2026-08-15,4.3,04:00,30.7,0.07666015625,0.33642578125,0.509765625,0.387451171875,2026-08-15T21:00:00Z
xian,34.34,108.94,ifs,2026-08-15,5.3,05:00,32.1,0.1343994140625,0.3076171875,0.5185546875,0.39990234375,2026-08-15T22:00:00Z
xian,34.34,108.94,ifs,2026-08-15,6.3,06:00,21.3,0.76953125,0.300048828125,0.470947265625,0.387451171875,2026-08-15T23:00:00Z
lanzhou,36.06,103.83,icon,2026-08-13,6.9,06:00,97.7,0.0,0.64208984375,0.89501953125,0.0,2026-08-13T00:00:00Z
lanzhou,36.06,103.83,icon,2026-08-13,7.9,07:00,97.6,0.0,0.64208984375,0.87158203125,0.0,2026-08-13T01:00:00Z
lanzhou,36.06,103.83,icon,2026-08-13,8.9,08:00,97.4,0.0,0.63916015625,0.83544921875,0.0,2026-08-13T02:00:00Z
lanzhou,36.06,103.83,icon,2026-08-13,9.9,09:00,97.1,0.0,0.623046875,0.78955078125,0.0,2026-08-13T03:00:00Z
lanzhou,36.06,103.83,icon,2026-08-13,10.9,10:00,95.1,0.0205230712890625,0.6025390625,0.77490234375,0.0,2026-08-13T04:00:00Z
lanzhou,36.06,103.83,icon,2026-08-13,11.9,11:00,93.3,0.041534423828125,0.59716796875,0.79931640625,0.0,2026-08-13T05:00:00Z
lanzhou,36.06,103.83,icon,2026-08-13,12.9,12:00,89.9,0.0819091796875,0.609375,0.80908203125,0.0,2026-08-13T06:00:00Z
lanzhou,36.06,103.83,icon,2026-08-13,13.9,13:00,81.6,0.18505859375,0.73388671875,0.8486328125,0.0,2026-08-13T07:00:00Z
lanzhou,36.06,103.83,icon,2026-08-13,14.9,14:00,78.9,0.218994140625,0.74755859375,0.880859375,0.0,2026-08-13T08:00:00Z
lanzhou,36.06,103.83,icon,2026-08-13,15.9,15:00,59.5,0.437744140625,0.71484375,0.8828125,0.0,2026-08-13T09:00:00Z
lanzhou,36.06,103.83,icon,2026-08-13,16.9,16:00,52.3,0.509765625,0.68017578125,0.76318359375,0.0,2026-08-13T10:00:00Z
lanzhou,36.06,103.83,icon,2026-08-13,17.9,17:00,56.7,0.4580078125,0.68017578125,0.72412109375,0.0,2026-08-13T11:00:00Z
lanzhou,36.06,103.83,icon,2026-08-13,18.9,18:00,42.4,0.61962890625,0.68310546875,0.71533203125,0.0,2026-08-13T12:00:00Z
lanzhou,36.06,103.83,icon,2026-08-13,19.9,19:00,32.8,0.73046875,0.70361328125,0.70263671875,0.0,2026-08-13T13:00:00Z
lanzhou,36.06,103.83,icon,2026-08-13,20.9,20:00,34.1,0.71728515625,0.748046875,0.69091796875,0.0,2026-08-13T14:00:00Z
lanzhou,36.06,103.83,icon,2026-08-13,21.9,21:00,36.8,0.6865234375,0.7265625,0.728515625,0.0,2026-08-13T15:00:00Z
lanzhou,36.06,103.83,icon,2026-08-13,22.9,22:00,27.2,0.79541015625,0.7080078125,0.73388671875,0.0,2026-08-13T16:00:00Z
lanzhou,36.06,103.83,icon,2026-08-13,23.9,23:00,22.8,0.8486328125,0.73486328125,0.76123046875,0.0,2026-08-13T17:00:00Z
lanzhou,36.06,103.83,icon,2026-08-13,0.9,00:00,31.6,0.7509765625,0.75927734375,0.77490234375,0.0,2026-08-13T18:00:00Z
lanzhou,36.06,103.83,icon,2026-08-13,1.9,01:00,27.6,0.79443359375,0.75244140625,0.74609375,0.0,2026-08-13T19:00:00Z
lanzhou,36.06,103.83,icon,2026-08-13,2.9,02:00,28.0,0.7880859375,0.74462890625,0.716796875,0.0,2026-08-13T20:00:00Z
lanzhou,36.06,103.83,icon,2026-08-13,3.9,03:00,27.5,0.79736328125,0.77685546875,0.76220703125,0.0,2026-08-13T21:00:00Z
lanzhou,36.06,103.83,icon,2026-08-13,4.9,04:00,32.8,0.73681640625,0.8076171875,0.72314453125,0.0,2026-08-13T22:00:00Z
lanzhou,36.06,103.83,icon,2026-08-13,5.9,05:00,32.8,0.73681640625,0.79541015625,0.7265625,0.0,2026-08-13T23:00:00Z
lanzhou,36.06,103.83,icon,2026-08-14,6.9,06:00,30.4,0.75830078125,0.74658203125,0.67431640625,0.0,2026-08-14T00:00:00Z
lanzhou,36.06,103.83,icon,2026-08-14,7.9,07:00,25.4,0.80908203125,0.6943359375,0.6259765625,0.0,2026-08-14T01:00:00Z
lanzhou,36.06,103.83,icon,2026-08-14,8.9,08:00,31.3,0.7421875,0.67236328125,0.64453125,0.0,2026-08-14T02:00:00Z
lanzhou,36.06,103.83,icon,2026-08-14,9.9,09:00,34.7,0.7060546875,0.67578125,0.69189453125,0.0,2026-08-14T03:00:00Z
lanzhou,36.06,103.83,icon,2026-08-14,10.9,10:00,29.3,0.76953125,0.68212890625,0.73193359375,0.0,2026-08-14T04:00:00Z
lanzhou,36.06,103.83,icon,2026-08-14,11.9,11:00,43.0,0.6162109375,0.73583984375,0.71337890625,0.0,2026-08-14T05:00:00Z
lanzhou,36.06,103.83,icon,2026-08-14,12.9,12:00,44.3,0.59716796875,0.73583984375,0.64794921875,0.0,2026-08-14T06:00:00Z
lanzhou,36.06,103.83,icon,2026-08-14,13.9,13:00,52.9,0.49951171875,0.7666015625,0.609375,0.0,2026-08-14T07:00:00Z
lanzhou,36.06,103.83,icon,2026-08-14,14.9,14:00,69.6,0.309814453125,0.77392578125,0.603515625,0.0,2026-08-14T08:00:00Z
lanzhou,36.06,103.83,icon,2026-08-14,15.9,15:00,69.8,0.30712890625,0.771484375,0.58251953125,0.0,2026-08-14T09:00:00Z
lanzhou,36.06,103.83,icon,2026-08-14,16.9,16:00,46.1,0.57373046875,0.76806640625,0.552734375,0.0,2026-08-14T10:00:00Z
lanzhou,36.06,103.83,icon,2026-08-14,17.9,17:00,50.2,0.5283203125,0.75634765625,0.58203125,0.0,2026-08-14T11:00:00Z
lanzhou,36.06,103.83,icon,2026-08-14,18.9,18:00,57.0,0.45458984375,0.7744140625,0.6279296875,0.0,2026-08-14T12:00:00Z
lanzhou,36.06,103.83,icon,2026-08-14,19.9,19:00,51.5,0.52001953125,0.771484375,0.67529296875,0.0,2026-08-14T13:00:00Z
lanzhou,36.06,103.83,icon,2026-08-14,20.9,20:00,45.8,0.5859375,0.7744140625,0.70703125,0.0,2026-08-14T14:00:00Z
lanzhou,36.06,103.83,icon,2026-08-14,21.9,21:00,54.8,0.486083984375,0.80322265625,0.7216796875,0.0,2026-08-14T15:00:00Z
lanzhou,36.06,103.83,icon,2026-08-14,22.9,22:00,46.0,0.58740234375,0.81884765625,0.72265625,0.0,2026-08-14T16:00:00Z
lanzhou,36.06,103.83,icon,2026-08-14,23.9,23:00,29.7,0.7734375,0.81884765625,0.74169921875,0.0,2026-08-14T17:00:00Z
lanzhou,36.06,103.83,icon,2026-08-14,0.9,00:00,35.0,0.7119140625,0.81884765625,0.7216796875,0.0,2026-08-14T18:00:00Z
lanzhou,36.06,103.83,icon,2026-08-14,1.9,01:00,44.9,0.59814453125,0.755859375,0.7529296875,0.0,2026-08-14T19:00:00Z
lanzhou,36.06,103.83,icon,2026-08-14,2.9,02:00,43.1,0.6181640625,0.755859375,0.74169921875,0.0,2026-08-14T20:00:00Z
lanzhou,36.06,103.83,icon,2026-08-14,3.9,03:00,37.0,0.68701171875,0.7529296875,0.73828125,0.0,2026-08-14T21:00:00Z
lanzhou,36.06,103.83,icon,2026-08-14,4.9,04:00,30.9,0.7548828125,0.73828125,0.73828125,0.0,2026-08-14T22:00:00Z
lanzhou,36.06,103.83,icon,2026-08-14,5.9,05:00,29.3,0.7734375,0.74072265625,0.74169921875,0.0,2026-08-14T23:00:00Z
lanzhou,36.06,103.83,icon,2026-08-15,6.9,06:00,23.3,0.8427734375,0.7412109375,0.748046875,0.0,2026-08-15T00:00:00Z
lanzhou,36.06,103.83,icon,2026-08-15,7.9,07:00,22.6,0.85205078125,0.759765625,0.75341796875,0.0,2026-08-15T01:00:00Z
lanzhou,36.06,103.83,icon,2026-08-15,8.9,08:00,21.4,0.86669921875,0.7802734375,0.74951171875,0.0,2026-08-15T02:00:00Z
lanzhou,36.06,103.83,icon,2026-08-15,9.9,09:00,22.3,0.85791015625,0.8115234375,0.75,0.0,2026-08-15T03:00:00Z
lanzhou,36.06,103.83,icon,2026-08-15,10.9,10:00,24.7,0.8330078125,0.8388671875,0.759765625,0.0,2026-08-15T04:00:00Z
lanzhou,36.06,103.83,icon,2026-08-15,11.9,11:00,20.1,0.8837890625,0.85595703125,0.7216796875,0.0,2026-08-15T05:00:00Z
lanzhou,36.06,103.83,icon,2026-08-15,12.9,12:00,20.4,0.88134765625,0.869140625,0.72265625,0.0,2026-08-15T06:00:00Z
lanzhou,36.06,103.83,icon,2026-08-15,13.9,13:00,23.7,0.84228515625,0.8359375,0.7265625,0.0,2026-08-15T07:00:00Z
lanzhou,36.06,103.83,icon,2026-08-15,14.9,14:00,23.8,0.84033203125,0.8427734375,0.716796875,0.0,2026-08-15T08:00:00Z
lanzhou,36.06,103.83,icon,2026-08-15,15.9,15:00,25.9,0.81884765625,0.873046875,0.712890625,0.0,2026-08-15T09:00:00Z
lanzhou,36.06,103.83,icon,2026-08-15,16.9,16:00,32.7,0.74267578125,0.890625,0.71142578125,0.0,2026-08-15T10:00:00Z
lanzhou,36.06,103.83,icon,2026-08-15,17.9,17:00,41.7,0.6416015625,0.90478515625,0.71533203125,0.0,2026-08-15T11:00:00Z
lanzhou,36.06,103.83,icon,2026-08-15,18.9,18:00,39.6,0.6669921875,0.90478515625,0.74267578125,0.0,2026-08-15T12:00:00Z
lanzhou,36.06,103.83,icon,2026-08-15,19.9,19:00,36.4,0.7041015625,0.90478515625,0.765625,0.0,2026-08-15T13:00:00Z
lanzhou,36.06,103.83,icon,2026-08-15,20.9,20:00,32.4,0.74853515625,0.9072265625,0.74951171875,0.0,2026-08-15T14:00:00Z
lanzhou,36.06,103.83,icon,2026-08-15,21.9,21:00,26.7,0.81494140625,0.9072265625,0.77587890625,0.0,2026-08-15T15:00:00Z
lanzhou,36.06,103.83,icon,2026-08-15,22.9,22:00,29.0,0.78955078125,0.90087890625,0.79931640625,0.0,2026-08-15T16:00:00Z
lanzhou,36.06,103.83,icon,2026-08-15,23.9,23:00,38.6,0.68212890625,0.8828125,0.8359375,0.0,2026-08-15T17:00:00Z
lanzhou,36.06,103.83,icon,2026-08-15,0.9,00:00,38.6,0.68115234375,0.86181640625,0.84423828125,0.0,2026-08-15T18:00:00Z
lanzhou,36.06,103.83,icon,2026-08-15,1.9,01:00,38.4,0.68115234375,0.8447265625,0.8291015625,0.0,2026-08-15T19:00:00Z
lanzhou,36.06,103.83,icon,2026-08-15,2.9,02:00,38.3,0.6826171875,0.82958984375,0.849609375,0.0,2026-08-15T20:00:00Z
lanzhou,36.06,103.83,icon,2026-08-15,3.9,03:00,34.1,0.73046875,0.81494140625,0.85498046875,0.0,2026-08-15T21:00:00Z
lanzhou,36.06,103.83,icon,2026-08-15,4.9,04:00,37.8,0.6884765625,0.8115234375,0.86376953125,0.0,2026-08-15T22:00:00Z
lanzhou,36.06,103.83,icon,2026-08-15,5.9,05:00,38.1,0.68310546875,0.79541015625,0.84765625,0.0,2026-08-15T23:00:00Z
lanzhou,36.06,103.83,ifs,2026-08-13,6.9,06:00,96.0,0.00188446044921875,0.74609375,0.484375,0.0,2026-08-13T00:00:00Z
lanzhou,36.06,103.83,ifs,2026-08-13,7.9,07:00,95.2,0.004703521728515625,0.74609375,0.37841796875,0.0,2026-08-13T01:00:00Z
lanzhou,36.06,103.83,ifs,2026-08-13,8.9,08:00,95.6,0.00188446044921875,0.744140625,0.416259765625,0.0,2026-08-13T02:00:00Z
lanzhou,36.06,103.83,ifs,2026-08-13,9.9,09:00,95.7,0.00188446044921875,0.744140625,0.431884765625,0.0,2026-08-13T03:00:00Z
lanzhou,36.06,103.83,ifs,2026-08-13,10.9,10:00,96.1,0.0,0.74462890625,0.483642578125,0.0,2026-08-13T04:00:00Z
lanzhou,36.06,103.83,ifs,2026-08-13,11.9,11:00,96.3,0.0,0.74609375,0.51220703125,0.0,2026-08-13T05:00:00Z
lanzhou,36.06,103.83,ifs,2026-08-13,12.9,12:00,94.6,0.0214385986328125,0.7431640625,0.5537109375,0.0,2026-08-13T06:00:00Z
lanzhou,36.06,103.83,ifs,2026-08-13,13.9,13:00,68.2,0.32958984375,0.86865234375,0.57861328125,0.0,2026-08-13T07:00:00Z
lanzhou,36.06,103.83,ifs,2026-08-13,14.9,14:00,81.7,0.17578125,0.86474609375,0.56591796875,0.0,2026-08-13T08:00:00Z
lanzhou,36.06,103.83,ifs,2026-08-13,15.9,15:00,86.4,0.119140625,0.84765625,0.52978515625,0.0,2026-08-13T09:00:00Z
lanzhou,36.06,103.83,ifs,2026-08-13,16.9,16:00,87.3,0.10797119140625,0.8310546875,0.53125,0.0,2026-08-13T10:00:00Z
lanzhou,36.06,103.83,ifs,2026-08-13,17.9,17:00,87.1,0.11126708984375,0.81494140625,0.56640625,0.0,2026-08-13T11:00:00Z
lanzhou,36.06,103.83,ifs,2026-08-13,18.9,18:00,37.9,0.66650390625,0.8017578125,0.50927734375,0.0,2026-08-13T12:00:00Z
lanzhou,36.06,103.83,ifs,2026-08-13,19.9,19:00,36.7,0.68017578125,0.78564453125,0.5146484375,0.0,2026-08-13T13:00:00Z
lanzhou,36.06,103.83,ifs,2026-08-13,20.9,20:00,60.9,0.40087890625,0.77294921875,0.467529296875,0.0,2026-08-13T14:00:00Z
lanzhou,36.06,103.83,ifs,2026-08-13,21.9,21:00,87.9,0.0921630859375,0.767578125,0.4345703125,0.0,2026-08-13T15:00:00Z
lanzhou,36.06,103.83,ifs,2026-08-13,22.9,22:00,55.2,0.459228515625,0.7646484375,0.350341796875,0.0,2026-08-13T16:00:00Z
lanzhou,36.06,103.83,ifs,2026-08-13,23.9,23:00,46.7,0.55712890625,0.7744140625,0.369384765625,0.0,2026-08-13T17:00:00Z
lanzhou,36.06,103.83,ifs,2026-08-13,0.9,00:00,76.4,0.2230224609375,0.767578125,0.435791015625,0.0,2026-08-13T18:00:00Z
lanzhou,36.06,103.83,ifs,2026-08-13,1.9,01:00,88.6,0.0821533203125,0.673828125,0.5029296875,0.0,2026-08-13T19:00:00Z
lanzhou,36.06,103.83,ifs,2026-08-13,2.9,02:00,90.0,0.0677490234375,0.69921875,0.486572265625,0.0,2026-08-13T20:00:00Z
lanzhou,36.06,103.83,ifs,2026-08-13,3.9,03:00,70.6,0.290283203125,0.72802734375,0.497802734375,0.0,2026-08-13T21:00:00Z
lanzhou,36.06,103.83,ifs,2026-08-13,4.9,04:00,54.8,0.470458984375,0.74169921875,0.501953125,0.0,2026-08-13T22:00:00Z
lanzhou,36.06,103.83,ifs,2026-08-13,5.9,05:00,57.9,0.437744140625,0.7529296875,0.5244140625,0.0,2026-08-13T23:00:00Z
lanzhou,36.06,103.83,ifs,2026-08-14,6.9,06:00,56.9,0.443115234375,0.73974609375,0.440185546875,0.0,2026-08-14T00:00:00Z
lanzhou,36.06,103.83,ifs,2026-08-14,7.9,07:00,67.8,0.315673828125,0.72412109375,0.392333984375,0.0,2026-08-14T01:00:00Z
lanzhou,36.06,103.83,ifs,2026-08-14,8.9,08:00,83.7,0.137451171875,0.70947265625,0.44921875,0.0,2026-08-14T02:00:00Z
lanzhou,36.06,103.83,ifs,2026-08-14,9.9,09:00,80.0,0.178466796875,0.69384765625,0.445556640625,0.0,2026-08-14T03:00:00Z
lanzhou,36.06,103.83,ifs,2026-08-14,10.9,10:00,66.9,0.32666015625,0.67822265625,0.45654296875,0.0,2026-08-14T04:00:00Z
lanzhou,36.06,103.83,ifs,2026-08-14,11.9,11:00,87.5,0.092041015625,0.66455078125,0.452880859375,0.0,2026-08-14T05:00:00Z
lanzhou,36.06,103.83,ifs,2026-08-14,12.9,12:00,75.9,0.2279052734375,0.65673828125,0.53271484375,0.0,2026-08-14T06:00:00Z
lanzhou,36.06,103.83,ifs,2026-08-14,13.9,13:00,69.9,0.296142578125,0.64404296875,0.55126953125,0.0,2026-08-14T07:00:00Z
lanzhou,36.06,103.83,ifs,2026-08-14,14.9,14:00,65.8,0.34375,0.64404296875,0.5712890625,0.0,2026-08-14T08:00:00Z
lanzhou,36.06,103.83,ifs,2026-08-14,15.9,15:00,64.4,0.358154296875,0.64404296875,0.5537109375,0.0,2026-08-14T09:00:00Z
lanzhou,36.06,103.83,ifs,2026-08-14,16.9,16:00,88.6,0.084228515625,0.64404296875,0.56591796875,0.0,2026-08-14T10:00:00Z
lanzhou,36.06,103.83,ifs,2026-08-14,17.9,17:00,83.0,0.1494140625,0.6318359375,0.599609375,0.0,2026-08-14T11:00:00Z
lanzhou,36.06,103.83,ifs,2026-08-14,18.9,18:00,42.5,0.60498046875,0.625,0.52001953125,0.0,2026-08-14T12:00:00Z
lanzhou,36.06,103.83,ifs,2026-08-14,19.9,19:00,38.2,0.65380859375,0.61962890625,0.52685546875,0.0,2026-08-14T13:00:00Z
lanzhou,36.06,103.83,ifs,2026-08-14,20.9,20:00,26.4,0.7841796875,0.603515625,0.47705078125,0.0,2026-08-14T14:00:00Z
lanzhou,36.06,103.83,ifs,2026-08-14,21.9,21:00,30.8,0.72998046875,0.56396484375,0.434814453125,0.0,2026-08-14T15:00:00Z
lanzhou,36.06,103.83,ifs,2026-08-14,22.9,22:00,28.4,0.75048828125,0.5146484375,0.376220703125,0.0,2026-08-14T16:00:00Z
lanzhou,36.06,103.83,ifs,2026-08-14,23.9,23:00,33.9,0.6875,0.54443359375,0.330322265625,0.0,2026-08-14T17:00:00Z
lanzhou,36.06,103.83,ifs,2026-08-14,0.9,00:00,19.9,0.84765625,0.521484375,0.367431640625,0.0,2026-08-14T18:00:00Z
lanzhou,36.06,103.83,ifs,2026-08-14,1.9,01:00,18.3,0.85693359375,0.396728515625,0.347900390625,0.0,2026-08-14T19:00:00Z
lanzhou,36.06,103.83,ifs,2026-08-14,2.9,02:00,27.1,0.759765625,0.420654296875,0.366455078125,0.0,2026-08-14T20:00:00Z
lanzhou,36.06,103.83,ifs,2026-08-14,3.9,03:00,24.7,0.78857421875,0.409423828125,0.410400390625,0.0,2026-08-14T21:00:00Z
lanzhou,36.06,103.83,ifs,2026-08-14,4.9,04:00,19.5,0.8486328125,0.3759765625,0.47216796875,0.0,2026-08-14T22:00:00Z
lanzhou,36.06,103.83,ifs,2026-08-14,5.9,05:00,19.4,0.849609375,0.367431640625,0.458740234375,0.0,2026-08-14T23:00:00Z
lanzhou,36.06,103.83,ifs,2026-08-15,6.9,06:00,25.0,0.78662109375,0.38720703125,0.459716796875,0.0,2026-08-15T00:00:00Z
lanzhou,36.06,103.83,ifs,2026-08-15,7.9,07:00,29.7,0.73583984375,0.410888671875,0.48095703125,0.0,2026-08-15T01:00:00Z
lanzhou,36.06,103.83,ifs,2026-08-15,8.9,08:00,27.2,0.76611328125,0.419189453125,0.51123046875,0.0,2026-08-15T02:00:00Z
lanzhou,36.06,103.83,ifs,2026-08-15,9.9,09:00,18.6,0.86767578125,0.456787109375,0.529296875,0.0,2026-08-15T03:00:00Z
lanzhou,36.06,103.83,ifs,2026-08-15,10.9,10:00,25.9,0.78271484375,0.50048828125,0.463623046875,0.0,2026-08-15T04:00:00Z
lanzhou,36.06,103.83,ifs,2026-08-15,11.9,11:00,25.6,0.78271484375,0.521484375,0.38134765625,0.0,2026-08-15T05:00:00Z
lanzhou,36.06,103.83,ifs,2026-08-15,12.9,12:00,55.5,0.44287109375,0.5224609375,0.3818359375,0.0,2026-08-15T06:00:00Z
lanzhou,36.06,103.83,ifs,2026-08-15,13.9,13:00,63.0,0.358154296875,0.4541015625,0.450927734375,0.0,2026-08-15T07:00:00Z
lanzhou,36.06,103.83,ifs,2026-08-15,14.9,14:00,69.5,0.28955078125,0.50390625,0.494873046875,0.0,2026-08-15T08:00:00Z
lanzhou,36.06,103.83,ifs,2026-08-15,15.9,15:00,64.0,0.35302734375,0.56591796875,0.455322265625,0.0,2026-08-15T09:00:00Z
lanzhou,36.06,103.83,ifs,2026-08-15,16.9,16:00,62.5,0.373291015625,0.59912109375,0.4716796875,0.0,2026-08-15T10:00:00Z
lanzhou,36.06,103.83,ifs,2026-08-15,17.9,17:00,58.5,0.421630859375,0.6201171875,0.490966796875,0.0,2026-08-15T11:00:00Z
lanzhou,36.06,103.83,ifs,2026-08-15,18.9,18:00,64.5,0.35107421875,0.63916015625,0.438232421875,0.0,2026-08-15T12:00:00Z
lanzhou,36.06,103.83,ifs,2026-08-15,19.9,19:00,57.2,0.433837890625,0.66796875,0.4189453125,0.0,2026-08-15T13:00:00Z
lanzhou,36.06,103.83,ifs,2026-08-15,20.9,20:00,62.6,0.37646484375,0.7021484375,0.434814453125,0.0,2026-08-15T14:00:00Z
lanzhou,36.06,103.83,ifs,2026-08-15,21.9,21:00,82.8,0.14794921875,0.71484375,0.44677734375,0.0,2026-08-15T15:00:00Z
lanzhou,36.06,103.83,ifs,2026-08-15,22.9,22:00,37.3,0.65869140625,0.72705078125,0.330322265625,0.0,2026-08-15T16:00:00Z
lanzhou,36.06,103.83,ifs,2026-08-15,23.9,23:00,35.2,0.681640625,0.70361328125,0.33056640625,0.0,2026-08-15T17:00:00Z
lanzhou,36.06,103.83,ifs,2026-08-15,0.9,00:00,35.7,0.68017578125,0.69189453125,0.4140625,0.0,2026-08-15T18:00:00Z
lanzhou,36.06,103.83,ifs,2026-08-15,1.9,01:00,35.1,0.685546875,0.63427734375,0.449462890625,0.0,2026-08-15T19:00:00Z
lanzhou,36.06,103.83,ifs,2026-08-15,2.9,02:00,34.8,0.68896484375,0.63671875,0.456298828125,0.0,2026-08-15T20:00:00Z
lanzhou,36.06,103.83,ifs,2026-08-15,3.9,03:00,35.7,0.68310546875,0.65283203125,0.498779296875,0.0,2026-08-15T21:00:00Z
lanzhou,36.06,103.83,ifs,2026-08-15,4.9,04:00,34.5,0.70263671875,0.68212890625,0.58349609375,0.0,2026-08-15T22:00:00Z
lanzhou,36.06,103.83,ifs,2026-08-15,5.9,05:00,34.1,0.71044921875,0.72119140625,0.59619140625,0.0,2026-08-15T23:00:00Z
kunming,25.04,102.71,icon,2026-08-13,6.8,06:00,27.4,0.80322265625,0.6796875,0.939453125,0.0,2026-08-13T00:00:00Z
kunming,25.04,102.71,icon,2026-08-13,7.8,07:00,39.0,0.671875,0.67041015625,0.94580078125,0.0,2026-08-13T01:00:00Z
kunming,25.04,102.71,icon,2026-08-13,8.8,08:00,22.9,0.853515625,0.66650390625,0.93896484375,0.0,2026-08-13T02:00:00Z
kunming,25.04,102.71,icon,2026-08-13,9.8,09:00,24.8,0.83251953125,0.6669921875,0.93701171875,0.0,2026-08-13T03:00:00Z
kunming,25.04,102.71,icon,2026-08-13,10.8,10:00,21.3,0.8740234375,0.69384765625,0.94287109375,0.0,2026-08-13T04:00:00Z
kunming,25.04,102.71,icon,2026-08-13,11.8,11:00,18.9,0.9013671875,0.736328125,0.9189453125,0.0,2026-08-13T05:00:00Z
kunming,25.04,102.71,icon,2026-08-13,12.8,12:00,10.0,0.85107421875,0.755859375,0.955078125,0.0,2026-08-13T06:00:00Z
kunming,25.04,102.71,icon,2026-08-13,13.8,13:00,10.0,0.84130859375,0.80224609375,0.9580078125,0.0,2026-08-13T07:00:00Z
kunming,25.04,102.71,icon,2026-08-13,14.8,14:00,25.5,0.83349609375,0.818359375,0.9443359375,0.0,2026-08-13T08:00:00Z
kunming,25.04,102.71,icon,2026-08-13,15.8,15:00,34.5,0.72900390625,0.818359375,0.91357421875,0.0,2026-08-13T09:00:00Z
kunming,25.04,102.71,icon,2026-08-13,16.8,16:00,35.7,0.712890625,0.802734375,0.88720703125,0.0,2026-08-13T10:00:00Z
kunming,25.04,102.71,icon,2026-08-13,17.8,17:00,38.5,0.67919921875,0.80224609375,0.857421875,0.0,2026-08-13T11:00:00Z
kunming,25.04,102.71,icon,2026-08-13,18.8,18:00,41.8,0.6416015625,0.796875,0.85302734375,0.0,2026-08-13T12:00:00Z
kunming,25.04,102.71,icon,2026-08-13,19.8,19:00,64.6,0.381591796875,0.7861328125,0.85546875,0.0,2026-08-13T13:00:00Z
kunming,25.04,102.71,icon,2026-08-13,20.8,20:00,74.1,0.275390625,0.79736328125,0.86376953125,0.0,2026-08-13T14:00:00Z
kunming,25.04,102.71,icon,2026-08-13,21.8,21:00,28.0,0.75927734375,0.80224609375,0.8623046875,0.25732421875,2026-08-13T15:00:00Z
kunming,25.04,102.71,icon,2026-08-13,22.8,22:00,22.9,0.83056640625,0.802734375,0.86083984375,0.34033203125,2026-08-13T16:00:00Z
kunming,25.04,102.71,icon,2026-08-13,23.8,23:00,23.4,0.8232421875,0.8076171875,0.86279296875,0.3408203125,2026-08-13T17:00:00Z
kunming,25.04,102.71,icon,2026-08-13,0.8,00:00,29.5,0.734375,0.8076171875,0.8623046875,0.34130859375,2026-08-13T18:00:00Z
kunming,25.04,102.71,icon,2026-08-13,1.8,01:00,28.5,0.69873046875,0.771484375,0.90087890625,0.3818359375,2026-08-13T19:00:00Z
kunming,25.04,102.71,icon,2026-08-13,2.8,02:00,26.0,0.7529296875,0.76123046875,0.93701171875,0.421875,2026-08-13T20:00:00Z
kunming,25.04,102.71,icon,2026-08-13,3.8,03:00,24.2,0.7900390625,0.7763671875,0.94580078125,0.38232421875,2026-08-13T21:00:00Z
kunming,25.04,102.71,icon,2026-08-13,4.8,04:00,19.6,0.8623046875,0.7763671875,0.92919921875,0.461181640625,2026-08-13T22:00:00Z
kunming,25.04,102.71,icon,2026-08-13,5.8,05:00,18.2,0.88134765625,0.7763671875,0.8984375,0.5,2026-08-13T23:00:00Z
kunming,25.04,102.71,icon,2026-08-14,6.8,06:00,16.2,0.91162109375,0.77587890625,0.91796875,0.5,2026-08-14T00:00:00Z
kunming,25.04,102.71,icon,2026-08-14,7.8,07:00,20.3,0.873046875,0.787109375,0.94140625,0.214599609375,2026-08-14T01:00:00Z
kunming,25.04,102.71,icon,2026-08-14,8.8,08:00,31.7,0.76220703125,0.7978515625,0.955078125,0.0,2026-08-14T02:00:00Z
kunming,25.04,102.71,icon,2026-08-14,9.8,09:00,23.2,0.85888671875,0.80908203125,0.958984375,0.0,2026-08-14T03:00:00Z
kunming,25.04,102.71,icon,2026-08-14,10.8,10:00,24.9,0.8408203125,0.81396484375,0.96044921875,0.0,2026-08-14T04:00:00Z
kunming,25.04,102.71,icon,2026-08-14,11.8,11:00,28.3,0.8037109375,0.830078125,0.9716796875,0.0,2026-08-14T05:00:00Z
kunming,25.04,102.71,icon,2026-08-14,12.8,12:00,18.8,0.91064453125,0.830078125,0.9658203125,0.0,2026-08-14T06:00:00Z
kunming,25.04,102.71,icon,2026-08-14,13.8,13:00,22.8,0.86669921875,0.85205078125,0.9541015625,0.0,2026-08-14T07:00:00Z
kunming,25.04,102.71,icon,2026-08-14,14.8,14:00,22.4,0.869140625,0.84033203125,0.947265625,0.0,2026-08-14T08:00:00Z
kunming,25.04,102.71,icon,2026-08-14,15.8,15:00,25.0,0.81689453125,0.84033203125,0.93505859375,0.0,2026-08-14T09:00:00Z
kunming,25.04,102.71,icon,2026-08-14,16.8,16:00,25.0,0.7939453125,0.82373046875,0.9267578125,0.0,2026-08-14T10:00:00Z
kunming,25.04,102.71,icon,2026-08-14,17.8,17:00,25.0,0.65380859375,0.82373046875,0.92431640625,0.0,2026-08-14T11:00:00Z
kunming,25.04,102.71,icon,2026-08-14,18.8,18:00,25.0,0.464599609375,0.81884765625,0.91455078125,0.0,2026-08-14T12:00:00Z
kunming,25.04,102.71,icon,2026-08-14,19.8,19:00,40.5,0.6611328125,0.81884765625,0.92431640625,0.0,2026-08-14T13:00:00Z
kunming,25.04,102.71,icon,2026-08-14,20.8,20:00,25.0,0.8271484375,0.81884765625,0.9423828125,0.0,2026-08-14T14:00:00Z
kunming,25.04,102.71,icon,2026-08-14,21.8,21:00,10.0,0.814453125,0.81884765625,0.93505859375,0.0,2026-08-14T15:00:00Z
kunming,25.04,102.71,icon,2026-08-14,22.8,22:00,38.3,0.6865234375,0.818359375,0.9423828125,0.039520263671875,2026-08-14T16:00:00Z
kunming,25.04,102.71,icon,2026-08-14,23.8,23:00,40.1,0.5703125,0.80224609375,0.943359375,0.08514404296875,2026-08-14T17:00:00Z
kunming,25.04,102.71,icon,2026-08-14,0.8,00:00,30.2,0.73681640625,0.80224609375,0.94140625,0.0867919921875,2026-08-14T18:00:00Z
kunming,25.04,102.71,icon,2026-08-14,1.8,01:00,25.9,0.79736328125,0.79296875,0.93896484375,0.1309814453125,2026-08-14T19:00:00Z
kunming,25.04,102.71,icon,2026-08-14,2.8,02:00,23.4,0.83447265625,0.80859375,0.93017578125,0.08905029296875,2026-08-14T20:00:00Z
kunming,25.04,102.71,icon,2026-08-14,3.8,03:00,26.1,0.8251953125,0.8134765625,0.93310546875,0.00226593017578125,2026-08-14T21:00:00Z
kunming,25.04,102.71,icon,2026-08-14,4.8,04:00,31.7,0.7626953125,0.830078125,0.92578125,0.0,2026-08-14T22:00:00Z
kunming,25.04,102.71,icon,2026-08-14,5.8,05:00,31.2,0.767578125,0.830078125,0.9140625,0.0,2026-08-14T23:00:00Z
kunming,25.04,102.71,icon,2026-08-15,6.8,06:00,30.3,0.77734375,0.82373046875,0.9140625,0.0,2026-08-15T00:00:00Z
kunming,25.04,102.71,icon,2026-08-15,7.8,07:00,28.4,0.79736328125,0.80712890625,0.9140625,0.0,2026-08-15T01:00:00Z
kunming,25.04,102.71,icon,2026-08-15,8.8,08:00,26.9,0.81396484375,0.791015625,0.9091796875,0.0,2026-08-15T02:00:00Z
kunming,25.04,102.71,icon,2026-08-15,9.8,09:00,19.4,0.89794921875,0.7802734375,0.90625,0.0,2026-08-15T03:00:00Z
kunming,25.04,102.71,icon,2026-08-15,10.8,10:00,20.1,0.89013671875,0.75,0.93212890625,0.0,2026-08-15T04:00:00Z
kunming,25.04,102.71,icon,2026-08-15,11.8,11:00,17.2,0.921875,0.724609375,0.94384765625,0.0,2026-08-15T05:00:00Z
kunming,25.04,102.71,icon,2026-08-15,12.8,12:00,20.2,0.8876953125,0.7275390625,0.943359375,0.0,2026-08-15T06:00:00Z
kunming,25.04,102.71,icon,2026-08-15,13.8,13:00,17.8,0.91845703125,0.7880859375,0.9326171875,0.0,2026-08-15T07:00:00Z
kunming,25.04,102.71,icon,2026-08-15,14.8,14:00,21.1,0.87890625,0.7978515625,0.896484375,0.0,2026-08-15T08:00:00Z
kunming,25.04,102.71,icon,2026-08-15,15.8,15:00,26.4,0.8173828125,0.81396484375,0.849609375,0.0,2026-08-15T09:00:00Z
kunming,25.04,102.71,icon,2026-08-15,16.8,16:00,25.5,0.828125,0.82568359375,0.83984375,0.0,2026-08-15T10:00:00Z
kunming,25.04,102.71,icon,2026-08-15,17.8,17:00,29.8,0.78125,0.84716796875,0.857421875,0.0,2026-08-15T11:00:00Z
kunming,25.04,102.71,icon,2026-08-15,18.8,18:00,62.1,0.415283203125,0.85205078125,0.875,0.0,2026-08-15T12:00:00Z
kunming,25.04,102.71,icon,2026-08-15,19.8,19:00,38.1,0.6875,0.84033203125,0.87841796875,0.0,2026-08-15T13:00:00Z
kunming,25.04,102.71,icon,2026-08-15,20.8,20:00,24.8,0.83935546875,0.84033203125,0.8779296875,0.0,2026-08-15T14:00:00Z
kunming,25.04,102.71,icon,2026-08-15,21.8,21:00,26.1,0.82421875,0.84033203125,0.89697265625,0.0,2026-08-15T15:00:00Z
kunming,25.04,102.71,icon,2026-08-15,22.8,22:00,30.7,0.7734375,0.84033203125,0.9169921875,0.0,2026-08-15T16:00:00Z
kunming,25.04,102.71,icon,2026-08-15,23.8,23:00,28.2,0.80322265625,0.84033203125,0.935546875,0.0,2026-08-15T17:00:00Z
kunming,25.04,102.71,icon,2026-08-15,0.8,00:00,29.8,0.78466796875,0.84033203125,0.94091796875,0.0,2026-08-15T18:00:00Z
kunming,25.04,102.71,icon,2026-08-15,1.8,01:00,23.1,0.8603515625,0.82373046875,0.94775390625,0.0377197265625,2026-08-15T19:00:00Z
kunming,25.04,102.71,icon,2026-08-15,2.8,02:00,23.8,0.8310546875,0.82373046875,0.94189453125,0.08270263671875,2026-08-15T20:00:00Z
kunming,25.04,102.71,icon,2026-08-15,3.8,03:00,21.5,0.85986328125,0.82421875,0.93603515625,0.169921875,2026-08-15T21:00:00Z
kunming,25.04,102.71,icon,2026-08-15,4.8,04:00,22.7,0.84228515625,0.82421875,0.9365234375,0.2130126953125,2026-08-15T22:00:00Z
kunming,25.04,102.71,icon,2026-08-15,5.8,05:00,23.3,0.8330078125,0.82421875,0.92529296875,0.213134765625,2026-08-15T23:00:00Z
kunming,25.04,102.71,ifs,2026-08-13,6.8,06:00,83.6,0.1387939453125,0.50634765625,0.650390625,0.0,2026-08-13T00:00:00Z
kunming,25.04,102.71,ifs,2026-08-13,7.8,07:00,78.7,0.17822265625,0.46240234375,0.414306640625,0.0,2026-08-13T01:00:00Z
kunming,25.04,102.71,ifs,2026-08-13,8.8,08:00,25.0,0.515625,0.452880859375,0.399169921875,0.0,2026-08-13T02:00:00Z
kunming,25.04,102.71,ifs,2026-08-13,9.8,09:00,25.0,0.58642578125,0.4833984375,0.3896484375,0.0,2026-08-13T03:00:00Z
kunming,25.04,102.71,ifs,2026-08-13,10.8,10:00,23.2,0.80810546875,0.51025390625,0.345947265625,0.0,2026-08-13T04:00:00Z
kunming,25.04,102.71,ifs,2026-08-13,11.8,11:00,12.1,0.93994140625,0.50439453125,0.448974609375,0.0,2026-08-13T05:00:00Z
kunming,25.04,102.71,ifs,2026-08-13,12.8,12:00,10.0,0.79345703125,0.51025390625,0.7958984375,0.0,2026-08-13T06:00:00Z
kunming,25.04,102.71,ifs,2026-08-13,13.8,13:00,10.0,0.7548828125,0.7431640625,0.640625,0.0,2026-08-13T07:00:00Z
kunming,25.04,102.71,ifs,2026-08-13,14.8,14:00,10.0,0.54638671875,0.74267578125,0.53271484375,0.0,2026-08-13T08:00:00Z
kunming,25.04,102.71,ifs,2026-08-13,15.8,15:00,10.0,0.53759765625,0.74267578125,0.59716796875,0.0,2026-08-13T09:00:00Z
kunming,25.04,102.71,ifs,2026-08-13,16.8,16:00,25.0,0.38232421875,0.73388671875,0.52490234375,0.0,2026-08-13T10:00:00Z
kunming,25.04,102.71,ifs,2026-08-13,17.8,17:00,69.1,0.30810546875,0.71875,0.52783203125,0.0,2026-08-13T11:00:00Z
kunming,25.04,102.71,ifs,2026-08-13,18.8,18:00,79.8,0.1893310546875,0.70263671875,0.58837890625,0.0,2026-08-13T12:00:00Z
kunming,25.04,102.71,ifs,2026-08-13,19.8,19:00,77.4,0.2181396484375,0.70703125,0.61083984375,0.0,2026-08-13T13:00:00Z
kunming,25.04,102.71,ifs,2026-08-13,20.8,20:00,49.0,0.335205078125,0.69775390625,0.62109375,0.1624755859375,2026-08-13T14:00:00Z
kunming,25.04,102.71,ifs,2026-08-13,21.8,21:00,41.7,0.50048828125,0.73046875,0.64111328125,0.375,2026-08-13T15:00:00Z
kunming,25.04,102.71,ifs,2026-08-13,22.8,22:00,12.7,0.94189453125,0.775390625,0.62548828125,0.449951171875,2026-08-13T16:00:00Z
kunming,25.04,102.71,ifs,2026-08-13,23.8,23:00,12.8,0.94189453125,0.76708984375,0.66162109375,0.47509765625,2026-08-13T17:00:00Z
kunming,25.04,102.71,ifs,2026-08-13,0.8,00:00,12.7,0.94140625,0.7509765625,0.6640625,0.5,2026-08-13T18:00:00Z
kunming,25.04,102.71,ifs,2026-08-13,1.8,01:00,11.4,0.94140625,0.479248046875,0.65283203125,0.487548828125,2026-08-13T19:00:00Z
kunming,25.04,102.71,ifs,2026-08-13,2.8,02:00,11.4,0.93994140625,0.494384765625,0.62451171875,0.487548828125,2026-08-13T20:00:00Z
kunming,25.04,102.71,ifs,2026-08-13,3.8,03:00,11.3,0.93994140625,0.45849609375,0.6455078125,0.487548828125,2026-08-13T21:00:00Z
kunming,25.04,102.71,ifs,2026-08-13,4.8,04:00,11.1,0.93994140625,0.396728515625,0.6611328125,0.5,2026-08-13T22:00:00Z
kunming,25.04,102.71,ifs,2026-08-13,5.8,05:00,11.0,0.9404296875,0.387939453125,0.638671875,0.47509765625,2026-08-13T23:00:00Z
kunming,25.04,102.71,ifs,2026-08-14,6.8,06:00,16.2,0.87353515625,0.46728515625,0.6396484375,0.4375,2026-08-14T00:00:00Z
kunming,25.04,102.71,ifs,2026-08-14,7.8,07:00,59.5,0.41064453125,0.5205078125,0.599609375,0.0,2026-08-14T01:00:00Z
kunming,25.04,102.71,ifs,2026-08-14,8.8,08:00,63.2,0.354248046875,0.53466796875,0.33447265625,0.0,2026-08-14T02:00:00Z
kunming,25.04,102.71,ifs,2026-08-14,9.8,09:00,77.1,0.197509765625,0.513671875,0.3779296875,0.0,2026-08-14T03:00:00Z
kunming,25.04,102.71,ifs,2026-08-14,10.8,10:00,25.0,0.315673828125,0.482421875,0.437255859375,0.0,2026-08-14T04:00:00Z
kunming,25.04,102.71,ifs,2026-08-14,11.8,11:00,25.0,0.50341796875,0.482177734375,0.466064453125,0.0,2026-08-14T05:00:00Z
kunming,25.04,102.71,ifs,2026-08-14,12.8,12:00,12.2,0.93896484375,0.48681640625,0.48291015625,0.0,2026-08-14T06:00:00Z
kunming,25.04,102.71,ifs,2026-08-14,13.8,13:00,12.2,0.94091796875,0.623046875,0.39111328125,0.0,2026-08-14T07:00:00Z
kunming,25.04,102.71,ifs,2026-08-14,14.8,14:00,13.9,0.92626953125,0.62548828125,0.466796875,0.0,2026-08-14T08:00:00Z
kunming,25.04,102.71,ifs,2026-08-14,15.8,15:00,10.0,0.7421875,0.625,0.54541015625,0.0,2026-08-14T09:00:00Z
kunming,25.04,102.71,ifs,2026-08-14,16.8,16:00,25.0,0.377685546875,0.62939453125,0.4638671875,0.0,2026-08-14T10:00:00Z
kunming,25.04,102.71,ifs,2026-08-14,17.8,17:00,56.9,0.434814453125,0.625,0.414794921875,0.0,2026-08-14T11:00:00Z
kunming,25.04,102.71,ifs,2026-08-14,18.8,18:00,25.0,0.6708984375,0.58544921875,0.56298828125,0.0,2026-08-14T12:00:00Z
kunming,25.04,102.71,ifs,2026-08-14,19.8,19:00,84.7,0.1209716796875,0.53759765625,0.5302734375,0.0,2026-08-14T13:00:00Z
kunming,25.04,102.71,ifs,2026-08-14,20.8,20:00,79.4,0.180908203125,0.54248046875,0.5322265625,0.0,2026-08-14T14:00:00Z
kunming,25.04,102.71,ifs,2026-08-14,21.8,21:00,64.0,0.36181640625,0.6328125,0.52685546875,0.0,2026-08-14T15:00:00Z
kunming,25.04,102.71,ifs,2026-08-14,22.8,22:00,25.0,0.470458984375,0.69482421875,0.74462890625,0.0,2026-08-14T16:00:00Z
kunming,25.04,102.71,ifs,2026-08-14,23.8,23:00,79.4,0.197998046875,0.7001953125,0.65576171875,0.0,2026-08-14T17:00:00Z
kunming,25.04,102.71,ifs,2026-08-14,0.8,00:00,25.0,0.6708984375,0.6708984375,0.7119140625,0.199951171875,2026-08-14T18:00:00Z
kunming,25.04,102.71,ifs,2026-08-14,1.8,01:00,10.0,0.415771484375,0.51220703125,0.64697265625,0.3125,2026-08-14T19:00:00Z
kunming,25.04,102.71,ifs,2026-08-14,2.8,02:00,25.0,0.07305908203125,0.5888671875,0.587890625,0.324951171875,2026-08-14T20:00:00Z
kunming,25.04,102.71,ifs,2026-08-14,3.8,03:00,56.7,0.033660888671875,0.61865234375,0.58447265625,0.300048828125,2026-08-14T21:00:00Z
kunming,25.04,102.71,ifs,2026-08-14,4.8,04:00,56.1,0.061492919921875,0.6220703125,0.51953125,0.262451171875,2026-08-14T22:00:00Z
kunming,25.04,102.71,ifs,2026-08-14,5.8,05:00,54.5,0.13232421875,0.61328125,0.53564453125,0.3125,2026-08-14T23:00:00Z
kunming,25.04,102.71,ifs,2026-08-15,6.8,06:00,56.2,0.075439453125,0.61865234375,0.619140625,0.175048828125,2026-08-15T00:00:00Z
kunming,25.04,102.71,ifs,2026-08-15,7.8,07:00,92.9,0.03155517578125,0.6142578125,0.51953125,0.0,2026-08-15T01:00:00Z
kunming,25.04,102.71,ifs,2026-08-15,8.8,08:00,75.4,0.224609375,0.5986328125,0.430908203125,0.0,2026-08-15T02:00:00Z
kunming,25.04,102.71,ifs,2026-08-15,9.8,09:00,25.0,0.56787109375,0.591796875,0.47021484375,0.0,2026-08-15T03:00:00Z
kunming,25.04,102.71,ifs,2026-08-15,10.8,10:00,25.0,0.55517578125,0.580078125,0.490478515625,0.0,2026-08-15T04:00:00Z
kunming,25.04,102.71,ifs,2026-08-15,11.8,11:00,25.0,0.58251953125,0.58154296875,0.47216796875,0.0,2026-08-15T05:00:00Z
kunming,25.04,102.71,ifs,2026-08-15,12.8,12:00,56.2,0.44580078125,0.58740234375,0.494873046875,0.0,2026-08-15T06:00:00Z
kunming,25.04,102.71,ifs,2026-08-15,13.8,13:00,30.2,0.74658203125,0.61572265625,0.56640625,0.0,2026-08-15T07:00:00Z
kunming,25.04,102.71,ifs,2026-08-15,14.8,14:00,10.0,0.5615234375,0.60205078125,0.41650390625,0.0,2026-08-15T08:00:00Z
kunming,25.04,102.71,ifs,2026-08-15,15.8,15:00,25.0,0.463134765625,0.626953125,0.4755859375,0.0,2026-08-15T09:00:00Z
kunming,25.04,102.71,ifs,2026-08-15,16.8,16:00,72.9,0.25390625,0.66650390625,0.389404296875,0.0,2026-08-15T10:00:00Z
kunming,25.04,102.71,ifs,2026-08-15,17.8,17:00,62.5,0.37060546875,0.6748046875,0.344482421875,0.0,2026-08-15T11:00:00Z
kunming,25.04,102.71,ifs,2026-08-15,18.8,18:00,79.4,0.1871337890625,0.67578125,0.501953125,0.0,2026-08-15T12:00:00Z
kunming,25.04,102.71,ifs,2026-08-15,19.8,19:00,54.2,0.474365234375,0.658203125,0.53125,0.0,2026-08-15T13:00:00Z
kunming,25.04,102.71,ifs,2026-08-15,20.8,20:00,25.0,0.419189453125,0.6484375,0.6865234375,0.0,2026-08-15T14:00:00Z
kunming,25.04,102.71,ifs,2026-08-15,21.8,21:00,45.3,0.412353515625,0.59619140625,0.564453125,0.1500244140625,2026-08-15T15:00:00Z
kunming,25.04,102.71,ifs,2026-08-15,22.8,22:00,41.6,0.487060546875,0.55712890625,0.5693359375,0.237548828125,2026-08-15T16:00:00Z
kunming,25.04,102.71,ifs,2026-08-15,23.8,23:00,49.0,0.3203125,0.61376953125,0.58154296875,0.2125244140625,2026-08-15T17:00:00Z
kunming,25.04,102.71,ifs,2026-08-15,0.8,00:00,52.9,0.193115234375,0.56787109375,0.54052734375,0.1875,2026-08-15T18:00:00Z
kunming,25.04,102.71,ifs,2026-08-15,1.8,01:00,31.5,0.65966796875,0.419677734375,0.55078125,0.1624755859375,2026-08-15T19:00:00Z
kunming,25.04,102.71,ifs,2026-08-15,2.8,02:00,10.0,0.70166015625,0.369140625,0.56201171875,0.1500244140625,2026-08-15T20:00:00Z
kunming,25.04,102.71,ifs,2026-08-15,3.8,03:00,25.0,0.474609375,0.41259765625,0.515625,0.125,2026-08-15T21:00:00Z
kunming,25.04,102.71,ifs,2026-08-15,4.8,04:00,44.3,0.419921875,0.452880859375,0.5439453125,0.1875,2026-08-15T22:00:00Z
kunming,25.04,102.71,ifs,2026-08-15,5.8,05:00,30.6,0.57080078125,0.441162109375,0.5126953125,0.39990234375,2026-08-15T23:00:00Z
wulumuqi,43.83,87.62,icon,2026-08-13,5.8,05:00,31.7,0.74072265625,0.81640625,0.56396484375,0.0,2026-08-13T00:00:00Z
wulumuqi,43.83,87.62,icon,2026-08-13,6.8,06:00,36.3,0.68798828125,0.826171875,0.55517578125,0.0,2026-08-13T01:00:00Z
wulumuqi,43.83,87.62,icon,2026-08-13,7.8,07:00,31.8,0.74072265625,0.845703125,0.5478515625,0.0,2026-08-13T02:00:00Z
wulumuqi,43.83,87.62,icon,2026-08-13,8.8,08:00,60.1,0.41943359375,0.845703125,0.55517578125,0.0,2026-08-13T03:00:00Z
wulumuqi,43.83,87.62,icon,2026-08-13,9.8,09:00,82.4,0.1663818359375,0.83935546875,0.57373046875,0.0,2026-08-13T04:00:00Z
wulumuqi,43.83,87.62,icon,2026-08-13,10.8,10:00,86.8,0.11444091796875,0.82275390625,0.54638671875,0.0,2026-08-13T05:00:00Z
wulumuqi,43.83,87.62,icon,2026-08-13,11.8,11:00,54.0,0.484619140625,0.8203125,0.5087890625,0.0,2026-08-13T06:00:00Z
wulumuqi,43.83,87.62,icon,2026-08-13,12.8,12:00,28.4,0.7744140625,0.84423828125,0.471435546875,0.0,2026-08-13T07:00:00Z
wulumuqi,43.83,87.62,icon,2026-08-13,13.8,13:00,24.6,0.81494140625,0.810546875,0.46240234375,0.0,2026-08-13T08:00:00Z
wulumuqi,43.83,87.62,icon,2026-08-13,14.8,14:00,21.5,0.8486328125,0.78662109375,0.458984375,0.0,2026-08-13T09:00:00Z
wulumuqi,43.83,87.62,icon,2026-08-13,15.8,15:00,21.9,0.8486328125,0.80859375,0.509765625,0.0,2026-08-13T10:00:00Z
wulumuqi,43.83,87.62,icon,2026-08-13,16.8,16:00,21.9,0.8486328125,0.81884765625,0.4990234375,0.0,2026-08-13T11:00:00Z
wulumuqi,43.83,87.62,icon,2026-08-13,17.8,17:00,22.0,0.8486328125,0.80908203125,0.53564453125,0.0,2026-08-13T12:00:00Z
wulumuqi,43.83,87.62,icon,2026-08-13,18.8,18:00,25.5,0.80615234375,0.7890625,0.50537109375,0.0,2026-08-13T13:00:00Z
wulumuqi,43.83,87.62,icon,2026-08-13,19.8,19:00,24.6,0.814453125,0.76171875,0.492919921875,0.0,2026-08-13T14:00:00Z
wulumuqi,43.83,87.62,icon,2026-08-13,20.8,20:00,21.8,0.84814453125,0.78271484375,0.498046875,0.0,2026-08-13T15:00:00Z
wulumuqi,43.83,87.62,icon,2026-08-13,21.8,21:00,21.8,0.8486328125,0.7939453125,0.50537109375,0.0,2026-08-13T16:00:00Z
wulumuqi,43.83,87.62,icon,2026-08-13,22.8,22:00,22.4,0.8447265625,0.8173828125,0.5322265625,0.0,2026-08-13T17:00:00Z
wulumuqi,43.83,87.62,icon,2026-08-13,23.8,23:00,24.2,0.82666015625,0.83544921875,0.55078125,0.0,2026-08-13T18:00:00Z
wulumuqi,43.83,87.62,icon,2026-08-13,0.8,00:00,19.7,0.87890625,0.85205078125,0.55517578125,0.0,2026-08-13T19:00:00Z
wulumuqi,43.83,87.62,icon,2026-08-13,1.8,01:00,23.6,0.83447265625,0.8564453125,0.560546875,0.0,2026-08-13T20:00:00Z
wulumuqi,43.83,87.62,icon,2026-08-13,2.8,02:00,36.3,0.69091796875,0.85205078125,0.56884765625,0.0,2026-08-13T21:00:00Z
wulumuqi,43.83,87.62,icon,2026-08-13,3.8,03:00,31.5,0.74609375,0.85205078125,0.57177734375,0.0,2026-08-13T22:00:00Z
wulumuqi,43.83,87.62,icon,2026-08-13,4.8,04:00,28.4,0.78173828125,0.85205078125,0.58642578125,0.0,2026-08-13T23:00:00Z
wulumuqi,43.83,87.62,icon,2026-08-14,5.8,05:00,27.0,0.798828125,0.85986328125,0.60009765625,0.0,2026-08-14T00:00:00Z
wulumuqi,43.83,87.62,icon,2026-08-14,6.8,06:00,44.5,0.60205078125,0.869140625,0.6171875,0.0,2026-08-14T01:00:00Z
wulumuqi,43.83,87.62,icon,2026-08-14,7.8,07:00,95.4,0.02313232421875,0.87744140625,0.61181640625,0.0,2026-08-14T02:00:00Z
wulumuqi,43.83,87.62,icon,2026-08-14,8.8,08:00,97.4,0.0,0.87744140625,0.59716796875,0.0,2026-08-14T03:00:00Z
wulumuqi,43.83,87.62,icon,2026-08-14,9.8,09:00,93.3,0.044677734375,0.88525390625,0.5634765625,0.0,2026-08-14T04:00:00Z
wulumuqi,43.83,87.62,icon,2026-08-14,10.8,10:00,73.4,0.269775390625,0.8828125,0.546875,0.0,2026-08-14T05:00:00Z
wulumuqi,43.83,87.62,icon,2026-08-14,11.8,11:00,96.8,0.003849029541015625,0.88525390625,0.52734375,0.0,2026-08-14T06:00:00Z
wulumuqi,43.83,87.62,icon,2026-08-14,12.8,12:00,96.2,0.00873565673828125,0.88671875,0.5068359375,0.0,2026-08-14T07:00:00Z
wulumuqi,43.83,87.62,icon,2026-08-14,13.8,13:00,96.9,0.0,0.88671875,0.48486328125,0.0,2026-08-14T08:00:00Z
wulumuqi,43.83,87.62,icon,2026-08-14,14.8,14:00,96.9,0.0,0.87890625,0.490478515625,0.0,2026-08-14T09:00:00Z
wulumuqi,43.83,87.62,icon,2026-08-14,15.8,15:00,96.8,0.0,0.8818359375,0.48095703125,0.0,2026-08-14T10:00:00Z
wulumuqi,43.83,87.62,icon,2026-08-14,16.8,16:00,96.8,0.0,0.88671875,0.480712890625,0.0,2026-08-14T11:00:00Z
wulumuqi,43.83,87.62,icon,2026-08-14,17.8,17:00,95.5,0.01451873779296875,0.87353515625,0.486572265625,0.0,2026-08-14T12:00:00Z
wulumuqi,43.83,87.62,icon,2026-08-14,18.8,18:00,95.8,0.011566162109375,0.85107421875,0.51513671875,0.0,2026-08-14T13:00:00Z
wulumuqi,43.83,87.62,icon,2026-08-14,19.8,19:00,86.8,0.1138916015625,0.82666015625,0.5302734375,0.0,2026-08-14T14:00:00Z
wulumuqi,43.83,87.62,icon,2026-08-14,20.8,20:00,69.9,0.306884765625,0.80908203125,0.56298828125,0.0,2026-08-14T15:00:00Z
wulumuqi,43.83,87.62,icon,2026-08-14,21.8,21:00,47.0,0.564453125,0.77880859375,0.564453125,0.0,2026-08-14T16:00:00Z
wulumuqi,43.83,87.62,icon,2026-08-14,22.8,22:00,42.0,0.623046875,0.77099609375,0.595703125,0.0,2026-08-14T17:00:00Z
wulumuqi,43.83,87.62,icon,2026-08-14,23.8,23:00,30.0,0.75830078125,0.755859375,0.60302734375,0.0,2026-08-14T18:00:00Z
wulumuqi,43.83,87.62,icon,2026-08-14,0.8,00:00,37.9,0.67138671875,0.77099609375,0.630859375,0.0,2026-08-14T19:00:00Z
wulumuqi,43.83,87.62,icon,2026-08-14,1.8,01:00,35.4,0.70263671875,0.7861328125,0.66650390625,0.0,2026-08-14T20:00:00Z
wulumuqi,43.83,87.62,icon,2026-08-14,2.8,02:00,42.9,0.619140625,0.7998046875,0.66943359375,0.0,2026-08-14T21:00:00Z
wulumuqi,43.83,87.62,icon,2026-08-14,3.8,03:00,44.0,0.6064453125,0.81689453125,0.65380859375,0.0,2026-08-14T22:00:00Z
wulumuqi,43.83,87.62,icon,2026-08-14,4.8,04:00,48.4,0.5595703125,0.83056640625,0.6875,0.0,2026-08-14T23:00:00Z
wulumuqi,43.83,87.62,icon,2026-08-15,5.8,05:00,40.6,0.6494140625,0.8310546875,0.71923828125,0.0,2026-08-15T00:00:00Z
wulumuqi,43.83,87.62,icon,2026-08-15,6.8,06:00,48.4,0.56201171875,0.82763671875,0.74169921875,0.0,2026-08-15T01:00:00Z
wulumuqi,43.83,87.62,icon,2026-08-15,7.8,07:00,61.8,0.409912109375,0.82373046875,0.7470703125,0.0,2026-08-15T02:00:00Z
wulumuqi,43.83,87.62,icon,2026-08-15,8.8,08:00,44.6,0.607421875,0.84033203125,0.76318359375,0.0,2026-08-15T03:00:00Z
wulumuqi,43.83,87.62,icon,2026-08-15,9.8,09:00,26.3,0.8134765625,0.853515625,0.73291015625,0.0,2026-08-15T04:00:00Z
wulumuqi,43.83,87.62,icon,2026-08-15,10.8,10:00,27.5,0.80029296875,0.8408203125,0.75146484375,0.0,2026-08-15T05:00:00Z
wulumuqi,43.83,87.62,icon,2026-08-15,11.8,11:00,23.9,0.8427734375,0.8193359375,0.78955078125,0.0,2026-08-15T06:00:00Z
wulumuqi,43.83,87.62,icon,2026-08-15,12.8,12:00,23.6,0.8486328125,0.86279296875,0.79150390625,0.0,2026-08-15T07:00:00Z
wulumuqi,43.83,87.62,icon,2026-08-15,13.8,13:00,23.1,0.8486328125,0.86279296875,0.70458984375,0.0,2026-08-15T08:00:00Z
wulumuqi,43.83,87.62,icon,2026-08-15,14.8,14:00,23.4,0.8486328125,0.86279296875,0.7529296875,0.0,2026-08-15T09:00:00Z
wulumuqi,43.83,87.62,icon,2026-08-15,15.8,15:00,20.8,0.87890625,0.837890625,0.78466796875,0.0,2026-08-15T10:00:00Z
wulumuqi,43.83,87.62,icon,2026-08-15,16.8,16:00,21.9,0.869140625,0.857421875,0.8173828125,0.0,2026-08-15T11:00:00Z
wulumuqi,43.83,87.62,icon,2026-08-15,17.8,17:00,23.7,0.84912109375,0.85107421875,0.83642578125,0.0,2026-08-15T12:00:00Z
wulumuqi,43.83,87.62,icon,2026-08-15,18.8,18:00,23.5,0.8486328125,0.8291015625,0.8115234375,0.0,2026-08-15T13:00:00Z
wulumuqi,43.83,87.62,icon,2026-08-15,19.8,19:00,23.7,0.8486328125,0.8125,0.8701171875,0.0,2026-08-15T14:00:00Z
wulumuqi,43.83,87.62,icon,2026-08-15,20.8,20:00,23.6,0.8486328125,0.77880859375,0.88330078125,0.0,2026-08-15T15:00:00Z
wulumuqi,43.83,87.62,icon,2026-08-15,21.8,21:00,25.6,0.82373046875,0.736328125,0.8779296875,0.0,2026-08-15T16:00:00Z
wulumuqi,43.83,87.62,icon,2026-08-15,22.8,22:00,23.7,0.84375,0.720703125,0.87890625,0.0,2026-08-15T17:00:00Z
wulumuqi,43.83,87.62,icon,2026-08-15,23.8,23:00,24.8,0.830078125,0.72705078125,0.837890625,0.0,2026-08-15T18:00:00Z
wulumuqi,43.83,87.62,icon,2026-08-15,0.8,00:00,37.6,0.68896484375,0.77099609375,0.86865234375,0.0,2026-08-15T19:00:00Z
wulumuqi,43.83,87.62,icon,2026-08-15,1.8,01:00,47.1,0.57666015625,0.74072265625,0.8212890625,0.0,2026-08-15T20:00:00Z
wulumuqi,43.83,87.62,icon,2026-08-15,2.8,02:00,43.5,0.61474609375,0.71728515625,0.80517578125,0.0,2026-08-15T21:00:00Z
wulumuqi,43.83,87.62,icon,2026-08-15,3.8,03:00,35.1,0.71142578125,0.71826171875,0.8271484375,0.0,2026-08-15T22:00:00Z
wulumuqi,43.83,87.62,icon,2026-08-15,4.8,04:00,22.7,0.8544921875,0.72265625,0.8603515625,0.0,2026-08-15T23:00:00Z
wulumuqi,43.83,87.62,ifs,2026-08-13,5.8,05:00,30.8,0.73681640625,0.560546875,0.56884765625,0.0,2026-08-13T00:00:00Z
wulumuqi,43.83,87.62,ifs,2026-08-13,6.8,06:00,26.4,0.78564453125,0.57275390625,0.5302734375,0.0,2026-08-13T01:00:00Z
wulumuqi,43.83,87.62,ifs,2026-08-13,7.8,07:00,25.0,0.80224609375,0.5888671875,0.52392578125,0.0,2026-08-13T02:00:00Z
wulumuqi,43.83,87.62,ifs,2026-08-13,8.8,08:00,23.8,0.81494140625,0.6044921875,0.498291015625,0.0,2026-08-13T03:00:00Z
wulumuqi,43.83,87.62,ifs,2026-08-13,9.8,09:00,24.2,0.80859375,0.61572265625,0.461669921875,0.0,2026-08-13T04:00:00Z
wulumuqi,43.83,87.62,ifs,2026-08-13,10.8,10:00,25.1,0.79736328125,0.6201171875,0.433349609375,0.0,2026-08-13T05:00:00Z
wulumuqi,43.83,87.62,ifs,2026-08-13,11.8,11:00,24.2,0.80419921875,0.626953125,0.3740234375,0.0,2026-08-13T06:00:00Z
wulumuqi,43.83,87.62,ifs,2026-08-13,12.8,12:00,45.0,0.57177734375,0.66796875,0.392578125,0.0,2026-08-13T07:00:00Z
wulumuqi,43.83,87.62,ifs,2026-08-13,13.8,13:00,33.8,0.6982421875,0.65185546875,0.407470703125,0.0,2026-08-13T08:00:00Z
wulumuqi,43.83,87.62,ifs,2026-08-13,14.8,14:00,37.9,0.65625,0.64404296875,0.490234375,0.0,2026-08-13T09:00:00Z
wulumuqi,43.83,87.62,ifs,2026-08-13,15.8,15:00,21.8,0.8408203125,0.615234375,0.53173828125,0.0,2026-08-13T10:00:00Z
wulumuqi,43.83,87.62,ifs,2026-08-13,16.8,16:00,25.9,0.794921875,0.58056640625,0.5869140625,0.0,2026-08-13T11:00:00Z
wulumuqi,43.83,87.62,ifs,2026-08-13,17.8,17:00,23.6,0.818359375,0.55810546875,0.56201171875,0.0,2026-08-13T12:00:00Z
wulumuqi,43.83,87.62,ifs,2026-08-13,18.8,18:00,24.2,0.8115234375,0.560546875,0.56103515625,0.0,2026-08-13T13:00:00Z
wulumuqi,43.83,87.62,ifs,2026-08-13,19.8,19:00,25.3,0.802734375,0.55078125,0.640625,0.0,2026-08-13T14:00:00Z
wulumuqi,43.83,87.62,ifs,2026-08-13,20.8,20:00,23.4,0.8212890625,0.50732421875,0.63818359375,0.0,2026-08-13T15:00:00Z
wulumuqi,43.83,87.62,ifs,2026-08-13,21.8,21:00,21.0,0.8486328125,0.50634765625,0.63623046875,0.0,2026-08-13T16:00:00Z
wulumuqi,43.83,87.62,ifs,2026-08-13,22.8,22:00,20.8,0.84912109375,0.49462890625,0.6181640625,0.0,2026-08-13T17:00:00Z
wulumuqi,43.83,87.62,ifs,2026-08-13,23.8,23:00,19.2,0.86572265625,0.50146484375,0.57861328125,0.0,2026-08-13T18:00:00Z
wulumuqi,43.83,87.62,ifs,2026-08-13,0.8,00:00,41.2,0.62109375,0.58740234375,0.58740234375,0.0,2026-08-13T19:00:00Z
wulumuqi,43.83,87.62,ifs,2026-08-13,1.8,01:00,34.2,0.70458984375,0.60546875,0.642578125,0.0,2026-08-13T20:00:00Z
wulumuqi,43.83,87.62,ifs,2026-08-13,2.8,02:00,43.6,0.599609375,0.62255859375,0.638671875,0.0,2026-08-13T21:00:00Z
wulumuqi,43.83,87.62,ifs,2026-08-13,3.8,03:00,50.1,0.525390625,0.63525390625,0.62939453125,0.0,2026-08-13T22:00:00Z
wulumuqi,43.83,87.62,ifs,2026-08-13,4.8,04:00,68.8,0.311279296875,0.6455078125,0.591796875,0.0,2026-08-13T23:00:00Z
wulumuqi,43.83,87.62,ifs,2026-08-14,5.8,05:00,84.4,0.135498046875,0.642578125,0.634765625,0.0,2026-08-14T00:00:00Z
wulumuqi,43.83,87.62,ifs,2026-08-14,6.8,06:00,95.6,0.00970458984375,0.6484375,0.6318359375,0.0,2026-08-14T01:00:00Z
wulumuqi,43.83,87.62,ifs,2026-08-14,7.8,07:00,94.5,0.01548004150390625,0.64990234375,0.5283203125,0.0,2026-08-14T02:00:00Z
wulumuqi,43.83,87.62,ifs,2026-08-14,8.8,08:00,95.4,0.0,0.65673828125,0.4140625,0.0,2026-08-14T03:00:00Z
wulumuqi,43.83,87.62,ifs,2026-08-14,9.8,09:00,88.6,0.0806884765625,0.65673828125,0.48291015625,0.0,2026-08-14T04:00:00Z
wulumuqi,43.83,87.62,ifs,2026-08-14,10.8,10:00,85.3,0.1221923828125,0.66796875,0.5400390625,0.0,2026-08-14T05:00:00Z
wulumuqi,43.83,87.62,ifs,2026-08-14,11.8,11:00,64.0,0.365966796875,0.68603515625,0.5537109375,0.0,2026-08-14T06:00:00Z
wulumuqi,43.83,87.62,ifs,2026-08-14,12.8,12:00,57.4,0.4423828125,0.7138671875,0.548828125,0.0,2026-08-14T07:00:00Z
wulumuqi,43.83,87.62,ifs,2026-08-14,13.8,13:00,72.2,0.274169921875,0.73046875,0.54443359375,0.0,2026-08-14T08:00:00Z
wulumuqi,43.83,87.62,ifs,2026-08-14,14.8,14:00,68.1,0.321533203125,0.74169921875,0.54296875,0.0,2026-08-14T09:00:00Z
wulumuqi,43.83,87.62,ifs,2026-08-14,15.8,15:00,68.2,0.319091796875,0.74169921875,0.5146484375,0.0,2026-08-14T10:00:00Z
wulumuqi,43.83,87.62,ifs,2026-08-14,16.8,16:00,69.5,0.302001953125,0.7158203125,0.49267578125,0.0,2026-08-14T11:00:00Z
wulumuqi,43.83,87.62,ifs,2026-08-14,17.8,17:00,74.1,0.24658203125,0.6572265625,0.498779296875,0.0,2026-08-14T12:00:00Z
wulumuqi,43.83,87.62,ifs,2026-08-14,18.8,18:00,81.5,0.1602783203125,0.5751953125,0.55224609375,0.0,2026-08-14T13:00:00Z
wulumuqi,43.83,87.62,ifs,2026-08-14,19.8,19:00,79.8,0.1761474609375,0.5087890625,0.55517578125,0.0,2026-08-14T14:00:00Z
wulumuqi,43.83,87.62,ifs,2026-08-14,20.8,20:00,89.9,0.0626220703125,0.453369140625,0.63134765625,0.0,2026-08-14T15:00:00Z
wulumuqi,43.83,87.62,ifs,2026-08-14,21.8,21:00,91.6,0.04107666015625,0.42138671875,0.62451171875,0.0,2026-08-14T16:00:00Z
wulumuqi,43.83,87.62,ifs,2026-08-14,22.8,22:00,91.9,0.034881591796875,0.41650390625,0.58056640625,0.0,2026-08-14T17:00:00Z
wulumuqi,43.83,87.62,ifs,2026-08-14,23.8,23:00,92.2,0.033660888671875,0.426513671875,0.61279296875,0.0,2026-08-14T18:00:00Z
wulumuqi,43.83,87.62,ifs,2026-08-14,0.8,00:00,76.6,0.216796875,0.4970703125,0.64501953125,0.0,2026-08-14T19:00:00Z
wulumuqi,43.83,87.62,ifs,2026-08-14,1.8,01:00,55.8,0.45654296875,0.53564453125,0.6474609375,0.0,2026-08-14T20:00:00Z
wulumuqi,43.83,87.62,ifs,2026-08-14,2.8,02:00,72.9,0.262451171875,0.55859375,0.646484375,0.0,2026-08-14T21:00:00Z
wulumuqi,43.83,87.62,ifs,2026-08-14,3.8,03:00,60.2,0.407958984375,0.576171875,0.64892578125,0.0,2026-08-14T22:00:00Z
wulumuqi,43.83,87.62,ifs,2026-08-14,4.8,04:00,49.5,0.5302734375,0.58642578125,0.6494140625,0.0,2026-08-14T23:00:00Z
wulumuqi,43.83,87.62,ifs,2026-08-15,5.8,05:00,49.9,0.525390625,0.58154296875,0.64697265625,0.0,2026-08-15T00:00:00Z
wulumuqi,43.83,87.62,ifs,2026-08-15,6.8,06:00,47.4,0.552734375,0.578125,0.6259765625,0.0,2026-08-15T01:00:00Z
wulumuqi,43.83,87.62,ifs,2026-08-15,7.8,07:00,39.2,0.63525390625,0.55224609375,0.4765625,0.0,2026-08-15T02:00:00Z
wulumuqi,43.83,87.62,ifs,2026-08-15,8.8,08:00,33.5,0.69677734375,0.52783203125,0.42919921875,0.0,2026-08-15T03:00:00Z
wulumuqi,43.83,87.62,ifs,2026-08-15,9.8,09:00,33.0,0.70361328125,0.498779296875,0.485107421875,0.0,2026-08-15T04:00:00Z
wulumuqi,43.83,87.62,ifs,2026-08-15,10.8,10:00,32.4,0.712890625,0.47802734375,0.5478515625,0.0,2026-08-15T05:00:00Z
wulumuqi,43.83,87.62,ifs,2026-08-15,11.8,11:00,31.8,0.7197265625,0.471435546875,0.55224609375,0.0,2026-08-15T06:00:00Z
wulumuqi,43.83,87.62,ifs,2026-08-15,12.8,12:00,28.8,0.75390625,0.53125,0.498779296875,0.0,2026-08-15T07:00:00Z
wulumuqi,43.83,87.62,ifs,2026-08-15,13.8,13:00,29.1,0.74755859375,0.54931640625,0.437255859375,0.0,2026-08-15T08:00:00Z
wulumuqi,43.83,87.62,ifs,2026-08-15,14.8,14:00,33.8,0.701171875,0.560546875,0.52880859375,0.0,2026-08-15T09:00:00Z
wulumuqi,43.83,87.62,ifs,2026-08-15,15.8,15:00,31.4,0.72802734375,0.5693359375,0.52783203125,0.0,2026-08-15T10:00:00Z
wulumuqi,43.83,87.62,ifs,2026-08-15,16.8,16:00,35.6,0.68212890625,0.56494140625,0.54736328125,0.0,2026-08-15T11:00:00Z
wulumuqi,43.83,87.62,ifs,2026-08-15,17.8,17:00,32.8,0.71044921875,0.52880859375,0.541015625,0.0,2026-08-15T12:00:00Z
wulumuqi,43.83,87.62,ifs,2026-08-15,18.8,18:00,35.7,0.67578125,0.45703125,0.5751953125,0.0,2026-08-15T13:00:00Z
wulumuqi,43.83,87.62,ifs,2026-08-15,19.8,19:00,44.1,0.578125,0.38525390625,0.61279296875,0.0,2026-08-15T14:00:00Z
wulumuqi,43.83,87.62,ifs,2026-08-15,20.8,20:00,42.3,0.59423828125,0.3125,0.6201171875,0.0,2026-08-15T15:00:00Z
wulumuqi,43.83,87.62,ifs,2026-08-15,21.8,21:00,42.8,0.5859375,0.2418212890625,0.634765625,0.0,2026-08-15T16:00:00Z
wulumuqi,43.83,87.62,ifs,2026-08-15,22.8,22:00,19.4,0.8486328125,0.19091796875,0.6181640625,0.0,2026-08-15T17:00:00Z
wulumuqi,43.83,87.62,ifs,2026-08-15,23.8,23:00,50.7,0.4912109375,0.16650390625,0.6162109375,0.0,2026-08-15T18:00:00Z
wulumuqi,43.83,87.62,ifs,2026-08-15,0.8,00:00,49.7,0.50732421875,0.2364501953125,0.62841796875,0.0,2026-08-15T19:00:00Z
wulumuqi,43.83,87.62,ifs,2026-08-15,1.8,01:00,38.1,0.63818359375,0.2388916015625,0.623046875,0.0,2026-08-15T20:00:00Z
wulumuqi,43.83,87.62,ifs,2026-08-15,2.8,02:00,46.7,0.54052734375,0.24462890625,0.6123046875,0.0,2026-08-15T21:00:00Z
wulumuqi,43.83,87.62,ifs,2026-08-15,3.8,03:00,53.7,0.462890625,0.258056640625,0.6181640625,0.0,2026-08-15T22:00:00Z
wulumuqi,43.83,87.62,ifs,2026-08-15,4.8,04:00,66.5,0.320068359375,0.291015625,0.640625,0.0,2026-08-15T23:00:00Z
lhasa,29.65,91.14,icon,2026-08-13,6.1,06:00,20.4,0.87451171875,0.76123046875,0.974609375,0.11602783203125,2026-08-13T00:00:00Z
lhasa,29.65,91.14,icon,2026-08-13,7.1,07:00,23.4,0.85546875,0.76416015625,0.9658203125,0.0,2026-08-13T01:00:00Z
lhasa,29.65,91.14,icon,2026-08-13,8.1,08:00,26.1,0.82421875,0.76416015625,0.962890625,0.0,2026-08-13T02:00:00Z
lhasa,29.65,91.14,icon,2026-08-13,9.1,09:00,29.6,0.7841796875,0.76416015625,0.94873046875,0.0,2026-08-13T03:00:00Z
lhasa,29.65,91.14,icon,2026-08-13,10.1,10:00,25.2,0.8330078125,0.76318359375,0.93212890625,0.0,2026-08-13T04:00:00Z
lhasa,29.65,91.14,icon,2026-08-13,11.1,11:00,23.2,0.853515625,0.76025390625,0.9140625,0.0,2026-08-13T05:00:00Z
lhasa,29.65,91.14,icon,2026-08-13,12.1,12:00,23.6,0.849609375,0.76806640625,0.9052734375,0.0,2026-08-13T06:00:00Z
lhasa,29.65,91.14,icon,2026-08-13,13.1,13:00,25.0,0.81591796875,0.8037109375,0.92431640625,0.0,2026-08-13T07:00:00Z
lhasa,29.65,91.14,icon,2026-08-13,14.1,14:00,34.9,0.72509765625,0.80712890625,0.93017578125,0.0,2026-08-13T08:00:00Z
lhasa,29.65,91.14,icon,2026-08-13,15.1,15:00,36.7,0.70458984375,0.810546875,0.92578125,0.0,2026-08-13T09:00:00Z
lhasa,29.65,91.14,icon,2026-08-13,16.1,16:00,36.4,0.70849609375,0.822265625,0.9228515625,0.0,2026-08-13T10:00:00Z
lhasa,29.65,91.14,icon,2026-08-13,17.1,17:00,36.9,0.703125,0.83544921875,0.9130859375,0.0,2026-08-13T11:00:00Z
lhasa,29.65,91.14,icon,2026-08-13,18.1,18:00,36.4,0.70654296875,0.8310546875,0.88916015625,0.0,2026-08-13T12:00:00Z
lhasa,29.65,91.14,icon,2026-08-13,19.1,19:00,27.3,0.80908203125,0.83984375,0.8671875,0.0,2026-08-13T13:00:00Z
lhasa,29.65,91.14,icon,2026-08-13,20.1,20:00,25.8,0.82568359375,0.81787109375,0.86279296875,0.0,2026-08-13T14:00:00Z
lhasa,29.65,91.14,icon,2026-08-13,21.1,21:00,23.6,0.8505859375,0.8046875,0.88134765625,0.0,2026-08-13T15:00:00Z
lhasa,29.65,91.14,icon,2026-08-13,22.1,22:00,24.7,0.83935546875,0.77734375,0.9208984375,0.0,2026-08-13T16:00:00Z
lhasa,29.65,91.14,icon,2026-08-13,23.1,23:00,24.0,0.845703125,0.7568359375,0.92041015625,0.0,2026-08-13T17:00:00Z
lhasa,29.65,91.14,icon,2026-08-13,0.1,00:00,22.6,0.861328125,0.755859375,0.92626953125,0.0,2026-08-13T18:00:00Z
lhasa,29.65,91.14,icon,2026-08-13,1.1,01:00,24.1,0.84619140625,0.791015625,0.93310546875,0.0,2026-08-13T19:00:00Z
lhasa,29.65,91.14,icon,2026-08-13,2.1,02:00,22.6,0.8642578125,0.79931640625,0.93359375,0.0,2026-08-13T20:00:00Z
lhasa,29.65,91.14,icon,2026-08-13,3.1,03:00,26.1,0.82421875,0.78271484375,0.93505859375,0.0,2026-08-13T21:00:00Z
lhasa,29.65,91.14,icon,2026-08-13,4.1,04:00,25.0,0.8349609375,0.75830078125,0.9365234375,0.0,2026-08-13T22:00:00Z
lhasa,29.65,91.14,icon,2026-08-13,5.1,05:00,30.1,0.7763671875,0.75537109375,0.9365234375,0.0,2026-08-13T23:00:00Z
lhasa,29.65,91.14,icon,2026-08-14,6.1,06:00,42.6,0.634765625,0.76220703125,0.93310546875,0.0,2026-08-14T00:00:00Z
lhasa,29.65,91.14,icon,2026-08-14,7.1,07:00,55.8,0.48583984375,0.759765625,0.94189453125,0.0,2026-08-14T01:00:00Z
lhasa,29.65,91.14,icon,2026-08-14,8.1,08:00,32.1,0.75537109375,0.76416015625,0.95263671875,0.0,2026-08-14T02:00:00Z
lhasa,29.65,91.14,icon,2026-08-14,9.1,09:00,35.6,0.7158203125,0.7529296875,0.958984375,0.0,2026-08-14T03:00:00Z
lhasa,29.65,91.14,icon,2026-08-14,10.1,10:00,50.1,0.55224609375,0.76806640625,0.9638671875,0.0,2026-08-14T04:00:00Z
lhasa,29.65,91.14,icon,2026-08-14,11.1,11:00,53.7,0.51220703125,0.787109375,0.96484375,0.0,2026-08-14T05:00:00Z
lhasa,29.65,91.14,icon,2026-08-14,12.1,12:00,65.3,0.38134765625,0.806640625,0.96875,0.0,2026-08-14T06:00:00Z
lhasa,29.65,91.14,icon,2026-08-14,13.1,13:00,67.9,0.3544921875,0.83984375,0.9736328125,0.0,2026-08-14T07:00:00Z
lhasa,29.65,91.14,icon,2026-08-14,14.1,14:00,73.2,0.295166015625,0.85546875,0.98046875,0.0,2026-08-14T08:00:00Z
lhasa,29.65,91.14,icon,2026-08-14,15.1,15:00,76.8,0.255126953125,0.85693359375,0.98828125,0.0,2026-08-14T09:00:00Z
lhasa,29.65,91.14,icon,2026-08-14,16.1,16:00,81.3,0.20458984375,0.86572265625,0.9931640625,0.0,2026-08-14T10:00:00Z
lhasa,29.65,91.14,icon,2026-08-14,17.1,17:00,90.9,0.09466552734375,0.86474609375,0.99267578125,0.0,2026-08-14T11:00:00Z
lhasa,29.65,91.14,icon,2026-08-14,18.1,18:00,85.6,0.153564453125,0.8427734375,0.9912109375,0.0,2026-08-14T12:00:00Z
lhasa,29.65,91.14,icon,2026-08-14,19.1,19:00,94.1,0.056884765625,0.82177734375,0.990234375,0.0,2026-08-14T13:00:00Z
lhasa,29.65,91.14,icon,2026-08-14,20.1,20:00,45.1,0.61181640625,0.7958984375,0.98828125,0.0,2026-08-14T14:00:00Z
lhasa,29.65,91.14,icon,2026-08-14,21.1,21:00,37.3,0.69921875,0.7783203125,0.98828125,0.0,2026-08-14T15:00:00Z
lhasa,29.65,91.14,icon,2026-08-14,22.1,22:00,36.7,0.705078125,0.76318359375,0.98779296875,0.0,2026-08-14T16:00:00Z
lhasa,29.65,91.14,icon,2026-08-14,23.1,23:00,34.3,0.73193359375,0.7568359375,0.98779296875,0.0,2026-08-14T17:00:00Z
lhasa,29.65,91.14,icon,2026-08-14,0.1,00:00,33.4,0.74169921875,0.7529296875,0.9873046875,0.0,2026-08-14T18:00:00Z
lhasa,29.65,91.14,icon,2026-08-14,1.1,01:00,38.3,0.68896484375,0.8037109375,0.9873046875,0.0,2026-08-14T19:00:00Z
lhasa,29.65,91.14,icon,2026-08-14,2.1,02:00,50.7,0.548828125,0.806640625,0.9873046875,0.0,2026-08-14T20:00:00Z
lhasa,29.65,91.14,icon,2026-08-14,3.1,03:00,52.0,0.53466796875,0.81494140625,0.9892578125,0.0,2026-08-14T21:00:00Z
lhasa,29.65,91.14,icon,2026-08-14,4.1,04:00,55.9,0.489990234375,0.81494140625,0.9892578125,0.0,2026-08-14T22:00:00Z
lhasa,29.65,91.14,icon,2026-08-14,5.1,05:00,66.5,0.3701171875,0.82177734375,0.9921875,0.0,2026-08-14T23:00:00Z
lhasa,29.65,91.14,icon,2026-08-15,6.1,06:00,83.3,0.17919921875,0.81884765625,0.9931640625,0.0,2026-08-15T00:00:00Z
lhasa,29.65,91.14,icon,2026-08-15,7.1,07:00,47.2,0.58837890625,0.802734375,0.9951171875,0.0,2026-08-15T01:00:00Z
lhasa,29.65,91.14,icon,2026-08-15,8.1,08:00,38.1,0.69140625,0.79833984375,0.9873046875,0.0,2026-08-15T02:00:00Z
lhasa,29.65,91.14,icon,2026-08-15,9.1,09:00,36.9,0.703125,0.78515625,0.97900390625,0.0,2026-08-15T03:00:00Z
lhasa,29.65,91.14,icon,2026-08-15,10.1,10:00,35.8,0.7158203125,0.7822265625,0.97119140625,0.0,2026-08-15T04:00:00Z
lhasa,29.65,91.14,icon,2026-08-15,11.1,11:00,36.2,0.7099609375,0.78125,0.9677734375,0.0,2026-08-15T05:00:00Z
lhasa,29.65,91.14,icon,2026-08-15,12.1,12:00,35.8,0.71484375,0.76708984375,0.9716796875,0.0,2026-08-15T06:00:00Z
lhasa,29.65,91.14,icon,2026-08-15,13.1,13:00,38.3,0.69091796875,0.84765625,0.9716796875,0.0,2026-08-15T07:00:00Z
lhasa,29.65,91.14,icon,2026-08-15,14.1,14:00,37.4,0.69970703125,0.83544921875,0.9619140625,0.0,2026-08-15T08:00:00Z
lhasa,29.65,91.14,icon,2026-08-15,15.1,15:00,32.1,0.75927734375,0.8271484375,0.95556640625,0.0,2026-08-15T09:00:00Z
lhasa,29.65,91.14,icon,2026-08-15,16.1,16:00,37.1,0.7021484375,0.81884765625,0.96142578125,0.0,2026-08-15T10:00:00Z
lhasa,29.65,91.14,icon,2026-08-15,17.1,17:00,31.0,0.771484375,0.833984375,0.9345703125,0.0,2026-08-15T11:00:00Z
lhasa,29.65,91.14,icon,2026-08-15,18.1,18:00,53.6,0.51318359375,0.82568359375,0.9248046875,0.0,2026-08-15T12:00:00Z
lhasa,29.65,91.14,icon,2026-08-15,19.1,19:00,37.0,0.701171875,0.8095703125,0.92529296875,0.0,2026-08-15T13:00:00Z
lhasa,29.65,91.14,icon,2026-08-15,20.1,20:00,31.8,0.76025390625,0.79833984375,0.94775390625,0.0,2026-08-15T14:00:00Z
lhasa,29.65,91.14,icon,2026-08-15,21.1,21:00,28.6,0.79833984375,0.79150390625,0.978515625,0.0,2026-08-15T15:00:00Z
lhasa,29.65,91.14,icon,2026-08-15,22.1,22:00,28.8,0.79541015625,0.77880859375,0.97998046875,0.0,2026-08-15T16:00:00Z
lhasa,29.65,91.14,icon,2026-08-15,23.1,23:00,26.0,0.82568359375,0.767578125,0.97021484375,0.0,2026-08-15T17:00:00Z
lhasa,29.65,91.14,icon,2026-08-15,0.1,00:00,24.2,0.84619140625,0.7646484375,0.974609375,0.0,2026-08-15T18:00:00Z
lhasa,29.65,91.14,icon,2026-08-15,1.1,01:00,23.5,0.85400390625,0.751953125,0.9912109375,0.0,2026-08-15T19:00:00Z
lhasa,29.65,91.14,icon,2026-08-15,2.1,02:00,23.6,0.853515625,0.7490234375,0.99072265625,0.0,2026-08-15T20:00:00Z
lhasa,29.65,91.14,icon,2026-08-15,3.1,03:00,25.2,0.8349609375,0.7490234375,0.986328125,0.0,2026-08-15T21:00:00Z
lhasa,29.65,91.14,icon,2026-08-15,4.1,04:00,26.9,0.81591796875,0.75048828125,0.98828125,0.0,2026-08-15T22:00:00Z
lhasa,29.65,91.14,icon,2026-08-15,5.1,05:00,26.7,0.818359375,0.75341796875,0.986328125,0.0,2026-08-15T23:00:00Z
lhasa,29.65,91.14,ifs,2026-08-13,6.1,06:00,22.7,0.84130859375,0.75341796875,0.59326171875,0.0,2026-08-13T00:00:00Z
lhasa,29.65,91.14,ifs,2026-08-13,7.1,07:00,14.6,0.9296875,0.7509765625,0.53857421875,0.0,2026-08-13T01:00:00Z
lhasa,29.65,91.14,ifs,2026-08-13,8.1,08:00,14.5,0.92822265625,0.76220703125,0.474365234375,0.0,2026-08-13T02:00:00Z
lhasa,29.65,91.14,ifs,2026-08-13,9.1,09:00,25.3,0.80712890625,0.7607421875,0.499267578125,0.0,2026-08-13T03:00:00Z
lhasa,29.65,91.14,ifs,2026-08-13,10.1,10:00,45.8,0.5751953125,0.76220703125,0.53173828125,0.0,2026-08-13T04:00:00Z
lhasa,29.65,91.14,ifs,2026-08-13,11.1,11:00,47.9,0.5498046875,0.763671875,0.49755859375,0.0,2026-08-13T05:00:00Z
lhasa,29.65,91.14,ifs,2026-08-13,12.1,12:00,51.8,0.50439453125,0.75927734375,0.486572265625,0.0,2026-08-13T06:00:00Z
lhasa,29.65,91.14,ifs,2026-08-13,13.1,13:00,52.0,0.51318359375,0.8603515625,0.57080078125,0.0,2026-08-13T07:00:00Z
lhasa,29.65,91.14,ifs,2026-08-13,14.1,14:00,49.7,0.53662109375,0.8515625,0.52734375,0.0,2026-08-13T08:00:00Z
lhasa,29.65,91.14,ifs,2026-08-13,15.1,15:00,45.4,0.59033203125,0.8505859375,0.61376953125,0.0,2026-08-13T09:00:00Z
lhasa,29.65,91.14,ifs,2026-08-13,16.1,16:00,36.4,0.68896484375,0.84326171875,0.5595703125,0.0,2026-08-13T10:00:00Z
lhasa,29.65,91.14,ifs,2026-08-13,17.1,17:00,25.0,0.78759765625,0.83056640625,0.61181640625,0.0,2026-08-13T11:00:00Z
lhasa,29.65,91.14,ifs,2026-08-13,18.1,18:00,25.0,0.77392578125,0.818359375,0.461669921875,0.0,2026-08-13T12:00:00Z
lhasa,29.65,91.14,ifs,2026-08-13,19.1,19:00,25.0,0.81103515625,0.81982421875,0.54931640625,0.0,2026-08-13T13:00:00Z
lhasa,29.65,91.14,ifs,2026-08-13,20.1,20:00,25.0,0.77294921875,0.81103515625,0.6318359375,0.0,2026-08-13T14:00:00Z
lhasa,29.65,91.14,ifs,2026-08-13,21.1,21:00,25.0,0.7412109375,0.8076171875,0.62353515625,0.0,2026-08-13T15:00:00Z
lhasa,29.65,91.14,ifs,2026-08-13,22.1,22:00,25.0,0.744140625,0.79931640625,0.5205078125,0.0,2026-08-13T16:00:00Z
lhasa,29.65,91.14,ifs,2026-08-13,23.1,23:00,25.0,0.77685546875,0.802734375,0.60009765625,0.0,2026-08-13T17:00:00Z
lhasa,29.65,91.14,ifs,2026-08-13,0.1,00:00,19.9,0.875,0.81787109375,0.59130859375,0.07501220703125,2026-08-13T18:00:00Z
lhasa,29.65,91.14,ifs,2026-08-13,1.1,01:00,22.4,0.82470703125,0.83935546875,0.57275390625,0.199951171875,2026-08-13T19:00:00Z
lhasa,29.65,91.14,ifs,2026-08-13,2.1,02:00,22.5,0.8173828125,0.83447265625,0.51123046875,0.27490234375,2026-08-13T20:00:00Z
lhasa,29.65,91.14,ifs,2026-08-13,3.1,03:00,21.9,0.82470703125,0.8251953125,0.50634765625,0.25,2026-08-13T21:00:00Z
lhasa,29.65,91.14,ifs,2026-08-13,4.1,04:00,23.0,0.80517578125,0.7939453125,0.485107421875,0.3125,2026-08-13T22:00:00Z
lhasa,29.65,91.14,ifs,2026-08-13,5.1,05:00,16.9,0.88525390625,0.765625,0.51318359375,0.375,2026-08-13T23:00:00Z
lhasa,29.65,91.14,ifs,2026-08-14,6.1,06:00,19.2,0.8583984375,0.73583984375,0.57177734375,0.324951171875,2026-08-14T00:00:00Z
lhasa,29.65,91.14,ifs,2026-08-14,7.1,07:00,16.8,0.89111328125,0.70263671875,0.552734375,0.125,2026-08-14T01:00:00Z
lhasa,29.65,91.14,ifs,2026-08-14,8.1,08:00,25.6,0.80224609375,0.697265625,0.5478515625,0.0,2026-08-14T02:00:00Z
lhasa,29.65,91.14,ifs,2026-08-14,9.1,09:00,50.8,0.51123046875,0.693359375,0.470703125,0.0,2026-08-14T03:00:00Z
lhasa,29.65,91.14,ifs,2026-08-14,10.1,10:00,51.0,0.50830078125,0.6865234375,0.45654296875,0.0,2026-08-14T04:00:00Z
lhasa,29.65,91.14,ifs,2026-08-14,11.1,11:00,25.0,0.666015625,0.69921875,0.5419921875,0.0,2026-08-14T05:00:00Z
lhasa,29.65,91.14,ifs,2026-08-14,12.1,12:00,25.0,0.75,0.69921875,0.58544921875,0.0,2026-08-14T06:00:00Z
lhasa,29.65,91.14,ifs,2026-08-14,13.1,13:00,31.2,0.73974609375,0.65673828125,0.61474609375,0.0,2026-08-14T07:00:00Z
lhasa,29.65,91.14,ifs,2026-08-14,14.1,14:00,35.8,0.6875,0.654296875,0.6201171875,0.0,2026-08-14T08:00:00Z
lhasa,29.65,91.14,ifs,2026-08-14,15.1,15:00,36.2,0.68359375,0.65966796875,0.62109375,0.0,2026-08-14T09:00:00Z
lhasa,29.65,91.14,ifs,2026-08-14,16.1,16:00,25.0,0.73193359375,0.6806640625,0.6328125,0.0,2026-08-14T10:00:00Z
lhasa,29.65,91.14,ifs,2026-08-14,17.1,17:00,25.0,0.724609375,0.68359375,0.62890625,0.0,2026-08-14T11:00:00Z
lhasa,29.65,91.14,ifs,2026-08-14,18.1,18:00,34.0,0.71142578125,0.69775390625,0.6240234375,0.0,2026-08-14T12:00:00Z
lhasa,29.65,91.14,ifs,2026-08-14,19.1,19:00,34.2,0.69580078125,0.70263671875,0.3759765625,0.0,2026-08-14T13:00:00Z
lhasa,29.65,91.14,ifs,2026-08-14,20.1,20:00,34.4,0.69287109375,0.71728515625,0.360107421875,0.0,2026-08-14T14:00:00Z
lhasa,29.65,91.14,ifs,2026-08-14,21.1,21:00,35.2,0.68505859375,0.73486328125,0.378173828125,0.0,2026-08-14T15:00:00Z
lhasa,29.65,91.14,ifs,2026-08-14,22.1,22:00,35.2,0.685546875,0.7451171875,0.359130859375,0.0,2026-08-14T16:00:00Z
lhasa,29.65,91.14,ifs,2026-08-14,23.1,23:00,34.9,0.69140625,0.76416015625,0.387451171875,0.0,2026-08-14T17:00:00Z
lhasa,29.65,91.14,ifs,2026-08-14,0.1,00:00,34.8,0.6962890625,0.78271484375,0.4384765625,0.0,2026-08-14T18:00:00Z
lhasa,29.65,91.14,ifs,2026-08-14,1.1,01:00,42.7,0.60546875,0.794921875,0.391845703125,0.0,2026-08-14T19:00:00Z
lhasa,29.65,91.14,ifs,2026-08-14,2.1,02:00,32.1,0.728515625,0.7939453125,0.451904296875,0.0,2026-08-14T20:00:00Z
lhasa,29.65,91.14,ifs,2026-08-14,3.1,03:00,29.1,0.76904296875,0.806640625,0.54931640625,0.0,2026-08-14T21:00:00Z
lhasa,29.65,91.14,ifs,2026-08-14,4.1,04:00,36.0,0.689453125,0.81103515625,0.53369140625,0.0,2026-08-14T22:00:00Z
lhasa,29.65,91.14,ifs,2026-08-14,5.1,05:00,31.5,0.74365234375,0.81103515625,0.5908203125,0.0,2026-08-14T23:00:00Z
lhasa,29.65,91.14,ifs,2026-08-15,6.1,06:00,31.4,0.7431640625,0.81494140625,0.54931640625,0.0,2026-08-15T00:00:00Z
lhasa,29.65,91.14,ifs,2026-08-15,7.1,07:00,35.8,0.6923828125,0.8232421875,0.52294921875,0.0,2026-08-15T01:00:00Z
lhasa,29.65,91.14,ifs,2026-08-15,8.1,08:00,38.9,0.65673828125,0.8232421875,0.5224609375,0.0,2026-08-15T02:00:00Z
lhasa,29.65,91.14,ifs,2026-08-15,9.1,09:00,36.5,0.68701171875,0.82177734375,0.56982421875,0.0,2026-08-15T03:00:00Z
lhasa,29.65,91.14,ifs,2026-08-15,10.1,10:00,37.4,0.67822265625,0.8154296875,0.609375,0.0,2026-08-15T04:00:00Z
lhasa,29.65,91.14,ifs,2026-08-15,11.1,11:00,33.1,0.7294921875,0.81396484375,0.63671875,0.0,2026-08-15T05:00:00Z
lhasa,29.65,91.14,ifs,2026-08-15,12.1,12:00,33.8,0.72021484375,0.7978515625,0.6455078125,0.0,2026-08-15T06:00:00Z
lhasa,29.65,91.14,ifs,2026-08-15,13.1,13:00,35.9,0.70068359375,0.87255859375,0.64306640625,0.0,2026-08-15T07:00:00Z
lhasa,29.65,91.14,ifs,2026-08-15,14.1,14:00,33.0,0.7333984375,0.87255859375,0.62744140625,0.0,2026-08-15T08:00:00Z
lhasa,29.65,91.14,ifs,2026-08-15,15.1,15:00,30.9,0.75390625,0.869140625,0.58984375,0.0,2026-08-15T09:00:00Z
lhasa,29.65,91.14,ifs,2026-08-15,16.1,16:00,25.0,0.7080078125,0.869140625,0.64404296875,0.0,2026-08-15T10:00:00Z
lhasa,29.65,91.14,ifs,2026-08-15,17.1,17:00,32.9,0.73388671875,0.86474609375,0.640625,0.0,2026-08-15T11:00:00Z
lhasa,29.65,91.14,ifs,2026-08-15,18.1,18:00,35.8,0.697265625,0.86083984375,0.5712890625,0.0,2026-08-15T12:00:00Z
lhasa,29.65,91.14,ifs,2026-08-15,19.1,19:00,34.4,0.705078125,0.853515625,0.444091796875,0.0,2026-08-15T13:00:00Z
lhasa,29.65,91.14,ifs,2026-08-15,20.1,20:00,30.1,0.759765625,0.853515625,0.5390625,0.0,2026-08-15T14:00:00Z
lhasa,29.65,91.14,ifs,2026-08-15,21.1,21:00,32.5,0.72998046875,0.85205078125,0.483642578125,0.0,2026-08-15T15:00:00Z
lhasa,29.65,91.14,ifs,2026-08-15,22.1,22:00,26.6,0.794921875,0.85205078125,0.454833984375,0.0,2026-08-15T16:00:00Z
lhasa,29.65,91.14,ifs,2026-08-15,23.1,23:00,22.0,0.85400390625,0.85205078125,0.58251953125,0.0,2026-08-15T17:00:00Z
lhasa,29.65,91.14,ifs,2026-08-15,0.1,00:00,22.4,0.841796875,0.85205078125,0.4521484375,0.0,2026-08-15T18:00:00Z
lhasa,29.65,91.14,ifs,2026-08-15,1.1,01:00,10.0,0.88623046875,0.70751953125,0.64013671875,0.0,2026-08-15T19:00:00Z
lhasa,29.65,91.14,ifs,2026-08-15,2.1,02:00,20.5,0.87060546875,0.70849609375,0.7080078125,0.0,2026-08-15T20:00:00Z
lhasa,29.65,91.14,ifs,2026-08-15,3.1,03:00,10.0,0.8701171875,0.70849609375,0.69189453125,0.0,2026-08-15T21:00:00Z
lhasa,29.65,91.14,ifs,2026-08-15,4.1,04:00,10.0,0.86083984375,0.70361328125,0.6748046875,0.0,2026-08-15T22:00:00Z
lhasa,29.65,91.14,ifs,2026-08-15,5.1,05:00,10.0,0.86279296875,0.68310546875,0.6572265625,0.0124969482421875,2026-08-15T23:00:00Z
sanya,18.25,109.51,icon,2026-08-13,7.3,07:00,65.2,0.369140625,0.72021484375,0.8095703125,0.0,2026-08-13T00:00:00Z
sanya,18.25,109.51,icon,2026-08-13,8.3,08:00,60.1,0.427001953125,0.71435546875,0.82421875,0.0,2026-08-13T01:00:00Z
sanya,18.25,109.51,icon,2026-08-13,9.3,09:00,65.9,0.361328125,0.72900390625,0.8232421875,0.0,2026-08-13T02:00:00Z
sanya,18.25,109.51,icon,2026-08-13,10.3,10:00,59.2,0.4384765625,0.7421875,0.81787109375,0.0,2026-08-13T03:00:00Z
sanya,18.25,109.51,icon,2026-08-13,11.3,11:00,64.9,0.373291015625,0.74951171875,0.8095703125,0.0,2026-08-13T04:00:00Z
sanya,18.25,109.51,icon,2026-08-13,12.3,12:00,76.7,0.239990234375,0.75439453125,0.806640625,0.0,2026-08-13T05:00:00Z
sanya,18.25,109.51,icon,2026-08-13,13.3,13:00,77.2,0.2337646484375,0.74365234375,0.8115234375,0.0,2026-08-13T06:00:00Z
sanya,18.25,109.51,icon,2026-08-13,14.3,14:00,74.8,0.26123046875,0.73486328125,0.8056640625,0.0,2026-08-13T07:00:00Z
sanya,18.25,109.51,icon,2026-08-13,15.3,15:00,65.9,0.36181640625,0.7421875,0.80517578125,0.0,2026-08-13T08:00:00Z
sanya,18.25,109.51,icon,2026-08-13,16.3,16:00,54.0,0.497802734375,0.7421875,0.81396484375,0.0,2026-08-13T09:00:00Z
sanya,18.25,109.51,icon,2026-08-13,17.3,17:00,37.4,0.685546875,0.7421875,0.81396484375,0.0,2026-08-13T10:00:00Z
sanya,18.25,109.51,icon,2026-08-13,18.3,18:00,37.7,0.68359375,0.748046875,0.814453125,0.0,2026-08-13T11:00:00Z
sanya,18.25,109.51,icon,2026-08-13,19.3,19:00,37.2,0.6884765625,0.74658203125,0.8037109375,0.0,2026-08-13T12:00:00Z
sanya,18.25,109.51,icon,2026-08-13,20.3,20:00,37.3,0.685546875,0.73193359375,0.791015625,0.0,2026-08-13T13:00:00Z
sanya,18.25,109.51,icon,2026-08-13,21.3,21:00,36.5,0.69287109375,0.7275390625,0.77001953125,0.0,2026-08-13T14:00:00Z
sanya,18.25,109.51,icon,2026-08-13,22.3,22:00,34.5,0.71484375,0.73046875,0.755859375,0.0,2026-08-13T15:00:00Z
sanya,18.25,109.51,icon,2026-08-13,23.3,23:00,26.8,0.7724609375,0.7392578125,0.76513671875,0.048065185546875,2026-08-13T16:00:00Z
sanya,18.25,109.51,icon,2026-08-13,0.3,00:00,25.1,0.80029296875,0.76025390625,0.7998046875,0.0482177734375,2026-08-13T17:00:00Z
sanya,18.25,109.51,icon,2026-08-13,1.3,01:00,24.3,0.81201171875,0.7724609375,0.80859375,0.0953369140625,2026-08-13T18:00:00Z
sanya,18.25,109.51,icon,2026-08-13,2.3,02:00,21.8,0.84326171875,0.74365234375,0.7783203125,0.0953369140625,2026-08-13T19:00:00Z
sanya,18.25,109.51,icon,2026-08-13,3.3,03:00,23.9,0.81103515625,0.74658203125,0.72802734375,0.0948486328125,2026-08-13T20:00:00Z
sanya,18.25,109.51,icon,2026-08-13,4.3,04:00,23.4,0.83837890625,0.7529296875,0.69189453125,0.0,2026-08-13T21:00:00Z
sanya,18.25,109.51,icon,2026-08-13,5.3,05:00,23.6,0.83642578125,0.7529296875,0.6904296875,0.0,2026-08-13T22:00:00Z
sanya,18.25,109.51,icon,2026-08-13,6.3,06:00,22.7,0.84765625,0.74658203125,0.71044921875,0.0,2026-08-13T23:00:00Z
sanya,18.25,109.51,icon,2026-08-14,7.3,07:00,21.4,0.8642578125,0.7529296875,0.732421875,0.0,2026-08-14T00:00:00Z
sanya,18.25,109.51,icon,2026-08-14,8.3,08:00,22.5,0.85302734375,0.75439453125,0.763671875,0.0,2026-08-14T01:00:00Z
sanya,18.25,109.51,icon,2026-08-14,9.3,09:00,28.8,0.78369140625,0.7529296875,0.8017578125,0.0,2026-08-14T02:00:00Z
sanya,18.25,109.51,icon,2026-08-14,10.3,10:00,32.8,0.740234375,0.76025390625,0.82421875,0.0,2026-08-14T03:00:00Z
sanya,18.25,109.51,icon,2026-08-14,11.3,11:00,34.4,0.7216796875,0.7587890625,0.82421875,0.0,2026-08-14T04:00:00Z
sanya,18.25,109.51,icon,2026-08-14,12.3,12:00,33.3,0.734375,0.76806640625,0.822265625,0.0,2026-08-14T05:00:00Z
sanya,18.25,109.51,icon,2026-08-14,13.3,13:00,32.0,0.75048828125,0.78369140625,0.8291015625,0.0,2026-08-14T06:00:00Z
sanya,18.25,109.51,icon,2026-08-14,14.3,14:00,34.0,0.7275390625,0.79150390625,0.81689453125,0.0,2026-08-14T07:00:00Z
sanya,18.25,109.51,icon,2026-08-14,15.3,15:00,35.2,0.7138671875,0.79296875,0.81982421875,0.0,2026-08-14T08:00:00Z
sanya,18.25,109.51,icon,2026-08-14,16.3,16:00,35.2,0.71484375,0.80078125,0.83056640625,0.0,2026-08-14T09:00:00Z
sanya,18.25,109.51,icon,2026-08-14,17.3,17:00,37.5,0.689453125,0.80078125,0.8330078125,0.0,2026-08-14T10:00:00Z
sanya,18.25,109.51,icon,2026-08-14,18.3,18:00,38.3,0.681640625,0.80908203125,0.85009765625,0.0,2026-08-14T11:00:00Z
sanya,18.25,109.51,icon,2026-08-14,19.3,19:00,38.2,0.68359375,0.8154296875,0.85107421875,0.0,2026-08-14T12:00:00Z
sanya,18.25,109.51,icon,2026-08-14,20.3,20:00,37.4,0.69189453125,0.8154296875,0.84326171875,0.0,2026-08-14T13:00:00Z
sanya,18.25,109.51,icon,2026-08-14,21.3,21:00,43.5,0.62158203125,0.81689453125,0.82470703125,0.0,2026-08-14T14:00:00Z
sanya,18.25,109.51,icon,2026-08-14,22.3,22:00,44.4,0.609375,0.81884765625,0.79296875,0.0006785392761230469,2026-08-14T15:00:00Z
sanya,18.25,109.51,icon,2026-08-14,23.3,23:00,53.1,0.509765625,0.81884765625,0.779296875,0.0006785392761230469,2026-08-14T16:00:00Z
sanya,18.25,109.51,icon,2026-08-14,0.3,00:00,35.4,0.6416015625,0.81884765625,0.75244140625,0.048553466796875,2026-08-14T17:00:00Z
sanya,18.25,109.51,icon,2026-08-14,1.3,01:00,28.6,0.74560546875,0.81689453125,0.70703125,0.0960693359375,2026-08-14T18:00:00Z
sanya,18.25,109.51,icon,2026-08-14,2.3,02:00,30.5,0.7138671875,0.80908203125,0.67578125,0.09625244140625,2026-08-14T19:00:00Z
sanya,18.25,109.51,icon,2026-08-14,3.3,03:00,27.6,0.7568359375,0.80078125,0.67333984375,0.09625244140625,2026-08-14T20:00:00Z
sanya,18.25,109.51,icon,2026-08-14,4.3,04:00,20.8,0.85400390625,0.79443359375,0.662109375,0.048919677734375,2026-08-14T21:00:00Z
sanya,18.25,109.51,icon,2026-08-14,5.3,05:00,21.0,0.84912109375,0.78662109375,0.66748046875,0.095947265625,2026-08-14T22:00:00Z
sanya,18.25,109.51,icon,2026-08-14,6.3,06:00,21.2,0.845703125,0.7802734375,0.6708984375,0.095947265625,2026-08-14T23:00:00Z
sanya,18.25,109.51,icon,2026-08-15,7.3,07:00,22.1,0.8359375,0.78515625,0.6953125,0.09576416015625,2026-08-15T00:00:00Z
sanya,18.25,109.51,icon,2026-08-15,8.3,08:00,20.2,0.86328125,0.78515625,0.7333984375,0.09564208984375,2026-08-15T01:00:00Z
sanya,18.25,109.51,icon,2026-08-15,9.3,09:00,24.8,0.80419921875,0.79296875,0.7744140625,0.0477294921875,2026-08-15T02:00:00Z
sanya,18.25,109.51,icon,2026-08-15,10.3,10:00,25.0,0.78369140625,0.79296875,0.7744140625,0.047393798828125,2026-08-15T03:00:00Z
sanya,18.25,109.51,icon,2026-08-15,11.3,11:00,30.2,0.76904296875,0.80078125,0.76806640625,0.0,2026-08-15T04:00:00Z
sanya,18.25,109.51,icon,2026-08-15,12.3,12:00,30.6,0.7646484375,0.80078125,0.78759765625,0.0,2026-08-15T05:00:00Z
sanya,18.25,109.51,icon,2026-08-15,13.3,13:00,33.2,0.73583984375,0.80078125,0.7890625,0.0,2026-08-15T06:00:00Z
sanya,18.25,109.51,icon,2026-08-15,14.3,14:00,36.6,0.69921875,0.85205078125,0.78173828125,0.0,2026-08-15T07:00:00Z
sanya,18.25,109.51,icon,2026-08-15,15.3,15:00,35.4,0.7119140625,0.85205078125,0.76318359375,0.0,2026-08-15T08:00:00Z
sanya,18.25,109.51,icon,2026-08-15,16.3,16:00,36.4,0.70068359375,0.85205078125,0.7587890625,0.0,2026-08-15T09:00:00Z
sanya,18.25,109.51,icon,2026-08-15,17.3,17:00,35.5,0.70947265625,0.8369140625,0.75048828125,0.0,2026-08-15T10:00:00Z
sanya,18.25,109.51,icon,2026-08-15,18.3,18:00,33.0,0.73779296875,0.83544921875,0.7578125,0.0,2026-08-15T11:00:00Z
sanya,18.25,109.51,icon,2026-08-15,19.3,19:00,30.2,0.7705078125,0.83544921875,0.76904296875,0.0,2026-08-15T12:00:00Z
sanya,18.25,109.51,icon,2026-08-15,20.3,20:00,30.1,0.77099609375,0.83544921875,0.751953125,0.0,2026-08-15T13:00:00Z
sanya,18.25,109.51,icon,2026-08-15,21.3,21:00,26.8,0.77734375,0.83544921875,0.748046875,0.047882080078125,2026-08-15T14:00:00Z
sanya,18.25,109.51,icon,2026-08-15,22.3,22:00,24.2,0.81298828125,0.8369140625,0.72705078125,0.048065185546875,2026-08-15T15:00:00Z
sanya,18.25,109.51,icon,2026-08-15,23.3,23:00,25.5,0.794921875,0.84375,0.71337890625,0.048065185546875,2026-08-15T16:00:00Z
sanya,18.25,109.51,icon,2026-08-15,0.3,00:00,20.8,0.85693359375,0.8505859375,0.68359375,0.095458984375,2026-08-15T17:00:00Z
sanya,18.25,109.51,icon,2026-08-15,1.3,01:00,20.4,0.86083984375,0.857421875,0.64990234375,0.09564208984375,2026-08-15T18:00:00Z
sanya,18.25,109.51,icon,2026-08-15,2.3,02:00,19.2,0.8740234375,0.83203125,0.6357421875,0.09564208984375,2026-08-15T19:00:00Z
sanya,18.25,109.51,icon,2026-08-15,3.3,03:00,24.1,0.80615234375,0.8251953125,0.62060546875,0.09515380859375,2026-08-15T20:00:00Z
sanya,18.25,109.51,icon,2026-08-15,4.3,04:00,32.6,0.7333984375,0.81396484375,0.61572265625,0.0,2026-08-15T21:00:00Z
sanya,18.25,109.51,icon,2026-08-15,5.3,05:00,25.9,0.80908203125,0.7978515625,0.62646484375,0.0,2026-08-15T22:00:00Z
sanya,18.25,109.51,icon,2026-08-15,6.3,06:00,25.6,0.8125,0.77734375,0.6474609375,0.0,2026-08-15T23:00:00Z
sanya,18.25,109.51,ifs,2026-08-13,7.3,07:00,40.6,0.62939453125,0.456298828125,0.732421875,0.0,2026-08-13T00:00:00Z
sanya,18.25,109.51,ifs,2026-08-13,8.3,08:00,34.5,0.689453125,0.3974609375,0.64501953125,0.0,2026-08-13T01:00:00Z
sanya,18.25,109.51,ifs,2026-08-13,9.3,09:00,33.1,0.7001953125,0.382080078125,0.5576171875,0.0,2026-08-13T02:00:00Z
sanya,18.25,109.51,ifs,2026-08-13,10.3,10:00,39.5,0.62158203125,0.373046875,0.46728515625,0.0,2026-08-13T03:00:00Z
sanya,18.25,109.51,ifs,2026-08-13,11.3,11:00,38.2,0.6337890625,0.36328125,0.4404296875,0.0,2026-08-13T04:00:00Z
sanya,18.25,109.51,ifs,2026-08-13,12.3,12:00,33.3,0.68994140625,0.373779296875,0.433349609375,0.0,2026-08-13T05:00:00Z
sanya,18.25,109.51,ifs,2026-08-13,13.3,13:00,34.3,0.68212890625,0.4033203125,0.473388671875,0.0,2026-08-13T06:00:00Z
sanya,18.25,109.51,ifs,2026-08-13,14.3,14:00,33.8,0.6806640625,0.265380859375,0.473388671875,0.0,2026-08-13T07:00:00Z
sanya,18.25,109.51,ifs,2026-08-13,15.3,15:00,35.3,0.6669921875,0.28369140625,0.5166015625,0.0,2026-08-13T08:00:00Z
sanya,18.25,109.51,ifs,2026-08-13,16.3,16:00,34.9,0.67431640625,0.291015625,0.56005859375,0.0,2026-08-13T09:00:00Z
sanya,18.25,109.51,ifs,2026-08-13,17.3,17:00,34.8,0.68115234375,0.30126953125,0.66259765625,0.01250457763671875,2026-08-13T10:00:00Z
sanya,18.25,109.51,ifs,2026-08-13,18.3,18:00,36.0,0.673828125,0.31298828125,0.77197265625,0.04998779296875,2026-08-13T11:00:00Z
sanya,18.25,109.51,ifs,2026-08-13,19.3,19:00,31.4,0.67724609375,0.34521484375,0.8037109375,0.0625,2026-08-13T12:00:00Z
sanya,18.25,109.51,ifs,2026-08-13,20.3,20:00,31.3,0.67822265625,0.36572265625,0.79052734375,0.07501220703125,2026-08-13T13:00:00Z
sanya,18.25,109.51,ifs,2026-08-13,21.3,21:00,31.2,0.68115234375,0.419189453125,0.771484375,0.0875244140625,2026-08-13T14:00:00Z
sanya,18.25,109.51,ifs,2026-08-13,22.3,22:00,31.0,0.6884765625,0.45849609375,0.79638671875,0.11248779296875,2026-08-13T15:00:00Z
sanya,18.25,109.51,ifs,2026-08-13,23.3,23:00,29.9,0.70947265625,0.48876953125,0.802734375,0.11248779296875,2026-08-13T16:00:00Z
sanya,18.25,109.51,ifs,2026-08-13,0.3,00:00,25.4,0.779296875,0.5283203125,0.79296875,0.0875244140625,2026-08-13T17:00:00Z
sanya,18.25,109.51,ifs,2026-08-13,1.3,01:00,10.0,0.81005859375,0.5458984375,0.7578125,0.07501220703125,2026-08-13T18:00:00Z
sanya,18.25,109.51,ifs,2026-08-13,2.3,02:00,10.0,0.91015625,0.5400390625,0.51708984375,0.175048828125,2026-08-13T19:00:00Z
sanya,18.25,109.51,ifs,2026-08-13,3.3,03:00,10.0,0.80029296875,0.54345703125,0.751953125,0.0,2026-08-13T20:00:00Z
sanya,18.25,109.51,ifs,2026-08-13,4.3,04:00,10.0,0.77734375,0.56005859375,0.78955078125,0.1624755859375,2026-08-13T21:00:00Z
sanya,18.25,109.51,ifs,2026-08-13,5.3,05:00,25.0,0.71240234375,0.58544921875,0.78271484375,0.0999755859375,2026-08-13T22:00:00Z
sanya,18.25,109.51,ifs,2026-08-13,6.3,06:00,25.0,0.69970703125,0.5947265625,0.68310546875,0.037506103515625,2026-08-13T23:00:00Z
sanya,18.25,109.51,ifs,2026-08-14,7.3,07:00,34.3,0.7001953125,0.59130859375,0.59130859375,0.0,2026-08-14T00:00:00Z
sanya,18.25,109.51,ifs,2026-08-14,8.3,08:00,34.4,0.70068359375,0.55908203125,0.65625,0.0,2026-08-14T01:00:00Z
sanya,18.25,109.51,ifs,2026-08-14,9.3,09:00,31.7,0.7294921875,0.515625,0.65185546875,0.0,2026-08-14T02:00:00Z
sanya,18.25,109.51,ifs,2026-08-14,10.3,10:00,33.8,0.71142578125,0.5126953125,0.76220703125,0.0,2026-08-14T03:00:00Z
sanya,18.25,109.51,ifs,2026-08-14,11.3,11:00,34.1,0.7080078125,0.49951171875,0.79296875,0.024993896484375,2026-08-14T04:00:00Z
sanya,18.25,109.51,ifs,2026-08-14,12.3,12:00,31.2,0.685546875,0.49560546875,0.7265625,0.07501220703125,2026-08-14T05:00:00Z
sanya,18.25,109.51,ifs,2026-08-14,13.3,13:00,30.4,0.68994140625,0.418701171875,0.7021484375,0.125,2026-08-14T06:00:00Z
sanya,18.25,109.51,ifs,2026-08-14,14.3,14:00,35.5,0.6806640625,0.423828125,0.6552734375,0.0,2026-08-14T07:00:00Z
sanya,18.25,109.51,ifs,2026-08-14,15.3,15:00,40.5,0.6279296875,0.414794921875,0.734375,0.0124969482421875,2026-08-14T08:00:00Z
sanya,18.25,109.51,ifs,2026-08-14,16.3,16:00,41.8,0.494140625,0.41796875,0.78564453125,0.0625,2026-08-14T09:00:00Z
sanya,18.25,109.51,ifs,2026-08-14,17.3,17:00,56.7,0.448486328125,0.441162109375,0.7880859375,0.0,2026-08-14T10:00:00Z
sanya,18.25,109.51,ifs,2026-08-14,18.3,18:00,46.1,0.4052734375,0.445556640625,0.806640625,0.0625,2026-08-14T11:00:00Z
sanya,18.25,109.51,ifs,2026-08-14,19.3,19:00,44.6,0.437744140625,0.462158203125,0.7958984375,0.137451171875,2026-08-14T12:00:00Z
sanya,18.25,109.51,ifs,2026-08-14,20.3,20:00,42.7,0.475830078125,0.46484375,0.77783203125,0.137451171875,2026-08-14T13:00:00Z
sanya,18.25,109.51,ifs,2026-08-14,21.3,21:00,25.0,0.650390625,0.44921875,0.80859375,0.024993896484375,2026-08-14T14:00:00Z
sanya,18.25,109.51,ifs,2026-08-14,22.3,22:00,25.0,0.7392578125,0.450927734375,0.81005859375,0.0,2026-08-14T15:00:00Z
sanya,18.25,109.51,ifs,2026-08-14,23.3,23:00,10.0,0.8359375,0.447509765625,0.80712890625,0.0625,2026-08-14T16:00:00Z
sanya,18.25,109.51,ifs,2026-08-14,0.3,00:00,10.0,0.92236328125,0.462890625,0.74169921875,0.07501220703125,2026-08-14T17:00:00Z
sanya,18.25,109.51,ifs,2026-08-14,1.3,01:00,10.0,0.90283203125,0.4326171875,0.76123046875,0.07501220703125,2026-08-14T18:00:00Z
sanya,18.25,109.51,ifs,2026-08-14,2.3,02:00,10.0,0.873046875,0.474365234375,0.64599609375,0.237548828125,2026-08-14T19:00:00Z
sanya,18.25,109.51,ifs,2026-08-14,3.3,03:00,10.0,0.6826171875,0.447509765625,0.7900390625,0.1875,2026-08-14T20:00:00Z
sanya,18.25,109.51,ifs,2026-08-14,4.3,04:00,31.5,0.68115234375,0.43798828125,0.80419921875,0.0999755859375,2026-08-14T21:00:00Z
sanya,18.25,109.51,ifs,2026-08-14,5.3,05:00,30.6,0.74658203125,0.451171875,0.80859375,0.0,2026-08-14T22:00:00Z
sanya,18.25,109.51,ifs,2026-08-14,6.3,06:00,33.8,0.70947265625,0.463134765625,0.7861328125,0.0,2026-08-14T23:00:00Z
sanya,18.25,109.51,ifs,2026-08-15,7.3,07:00,28.6,0.76806640625,0.444091796875,0.79052734375,0.0,2026-08-15T00:00:00Z
sanya,18.25,109.51,ifs,2026-08-15,8.3,08:00,31.4,0.73388671875,0.42919921875,0.76708984375,0.0,2026-08-15T01:00:00Z
sanya,18.25,109.51,ifs,2026-08-15,9.3,09:00,30.7,0.744140625,0.442138671875,0.798828125,0.0,2026-08-15T02:00:00Z
sanya,18.25,109.51,ifs,2026-08-15,10.3,10:00,25.3,0.80224609375,0.4638671875,0.71484375,0.0,2026-08-15T03:00:00Z
sanya,18.25,109.51,ifs,2026-08-15,11.3,11:00,21.9,0.82763671875,0.48388671875,0.45703125,0.0,2026-08-15T04:00:00Z
sanya,18.25,109.51,ifs,2026-08-15,12.3,12:00,10.0,0.75927734375,0.515625,0.482177734375,0.0,2026-08-15T05:00:00Z
sanya,18.25,109.51,ifs,2026-08-15,13.3,13:00,25.0,0.765625,0.513671875,0.455810546875,0.0,2026-08-15T06:00:00Z
sanya,18.25,109.51,ifs,2026-08-15,14.3,14:00,31.2,0.72802734375,0.48193359375,0.57080078125,0.0,2026-08-15T07:00:00Z
sanya,18.25,109.51,ifs,2026-08-15,15.3,15:00,29.3,0.75048828125,0.48095703125,0.5966796875,0.0,2026-08-15T08:00:00Z
sanya,18.25,109.51,ifs,2026-08-15,16.3,16:00,34.4,0.6884765625,0.48193359375,0.5068359375,0.0,2026-08-15T09:00:00Z
sanya,18.25,109.51,ifs,2026-08-15,17.3,17:00,35.9,0.6787109375,0.5087890625,0.61474609375,0.0,2026-08-15T10:00:00Z
sanya,18.25,109.51,ifs,2026-08-15,18.3,18:00,34.8,0.69482421875,0.52001953125,0.666015625,0.0,2026-08-15T11:00:00Z
sanya,18.25,109.51,ifs,2026-08-15,19.3,19:00,33.6,0.708984375,0.5263671875,0.67529296875,0.0,2026-08-15T12:00:00Z
sanya,18.25,109.51,ifs,2026-08-15,20.3,20:00,32.1,0.7314453125,0.529296875,0.76318359375,0.0,2026-08-15T13:00:00Z
sanya,18.25,109.51,ifs,2026-08-15,21.3,21:00,35.5,0.69287109375,0.54248046875,0.7607421875,0.0124969482421875,2026-08-15T14:00:00Z
sanya,18.25,109.51,ifs,2026-08-15,22.3,22:00,25.0,0.79638671875,0.57373046875,0.6640625,0.0,2026-08-15T15:00:00Z
sanya,18.25,109.51,ifs,2026-08-15,23.3,23:00,10.0,0.8193359375,0.6064453125,0.81005859375,0.0,2026-08-15T16:00:00Z
sanya,18.25,109.51,ifs,2026-08-15,0.3,00:00,25.0,0.791015625,0.6103515625,0.78466796875,0.0625,2026-08-15T17:00:00Z
sanya,18.25,109.51,ifs,2026-08-15,1.3,01:00,42.4,0.496826171875,0.611328125,0.78173828125,0.07501220703125,2026-08-15T18:00:00Z
sanya,18.25,109.51,ifs,2026-08-15,2.3,02:00,25.0,0.488525390625,0.60546875,0.70361328125,0.037506103515625,2026-08-15T19:00:00Z
sanya,18.25,109.51,ifs,2026-08-15,3.3,03:00,49.8,0.51806640625,0.61767578125,0.4658203125,0.0,2026-08-15T20:00:00Z
sanya,18.25,109.51,ifs,2026-08-15,4.3,04:00,51.1,0.501953125,0.64013671875,0.4072265625,0.0,2026-08-15T21:00:00Z
sanya,18.25,109.51,ifs,2026-08-15,5.3,05:00,39.8,0.62841796875,0.6494140625,0.3603515625,0.0,2026-08-15T22:00:00Z
sanya,18.25,109.51,ifs,2026-08-15,6.3,06:00,25.0,0.69482421875,0.65185546875,0.3916015625,0.0,2026-08-15T23:00:00Z
harbin,45.75,126.65,icon,2026-08-13,8.4,08:00,15.0,0.92138671875,0.80810546875,0.59228515625,0.2060546875,2026-08-13T00:00:00Z
harbin,45.75,126.65,icon,2026-08-13,9.4,09:00,16.2,0.90673828125,0.8408203125,0.57373046875,0.204833984375,2026-08-13T01:00:00Z
harbin,45.75,126.65,icon,2026-08-13,10.4,10:00,16.4,0.91650390625,0.857421875,0.560546875,0.0250396728515625,2026-08-13T02:00:00Z
harbin,45.75,126.65,icon,2026-08-13,11.4,11:00,17.3,0.9111328125,0.88037109375,0.61767578125,0.0,2026-08-13T03:00:00Z
harbin,45.75,126.65,icon,2026-08-13,12.4,12:00,18.0,0.90380859375,0.8759765625,0.6328125,0.0,2026-08-13T04:00:00Z
harbin,45.75,126.65,icon,2026-08-13,13.4,13:00,18.4,0.89892578125,0.8349609375,0.658203125,0.0,2026-08-13T05:00:00Z
harbin,45.75,126.65,icon,2026-08-13,14.4,14:00,18.8,0.892578125,0.81884765625,0.65576171875,0.0,2026-08-13T06:00:00Z
harbin,45.75,126.65,icon,2026-08-13,15.4,15:00,19.4,0.8828125,0.80224609375,0.6220703125,0.0,2026-08-13T07:00:00Z
harbin,45.75,126.65,icon,2026-08-13,16.4,16:00,20.4,0.8701171875,0.80224609375,0.58544921875,0.0,2026-08-13T08:00:00Z
harbin,45.75,126.65,icon,2026-08-13,17.4,17:00,21.9,0.8525390625,0.80224609375,0.5791015625,0.0,2026-08-13T09:00:00Z
harbin,45.75,126.65,icon,2026-08-13,18.4,18:00,21.3,0.8583984375,0.8017578125,0.5791015625,0.0237579345703125,2026-08-13T10:00:00Z
harbin,45.75,126.65,icon,2026-08-13,19.4,19:00,22.0,0.8310546875,0.7861328125,0.6025390625,0.11627197265625,2026-08-13T11:00:00Z
harbin,45.75,126.65,icon,2026-08-13,20.4,20:00,20.5,0.849609375,0.7451171875,0.64794921875,0.1622314453125,2026-08-13T12:00:00Z
harbin,45.75,126.65,icon,2026-08-13,21.4,21:00,22.6,0.81982421875,0.72607421875,0.662109375,0.2073974609375,2026-08-13T13:00:00Z
harbin,45.75,126.65,icon,2026-08-13,22.4,22:00,51.4,0.279541015625,0.7265625,0.748046875,0.294189453125,2026-08-13T14:00:00Z
harbin,45.75,126.65,icon,2026-08-13,23.4,23:00,32.3,0.68310546875,0.7412109375,0.84326171875,0.41943359375,2026-08-13T15:00:00Z
harbin,45.75,126.65,icon,2026-08-13,0.4,00:00,21.8,0.83935546875,0.75146484375,0.88916015625,0.5,2026-08-13T16:00:00Z
harbin,45.75,126.65,icon,2026-08-13,1.4,01:00,20.5,0.85986328125,0.755859375,0.9296875,0.5,2026-08-13T17:00:00Z
harbin,45.75,126.65,icon,2026-08-13,2.4,02:00,14.2,0.9423828125,0.74560546875,0.951171875,0.5,2026-08-13T18:00:00Z
harbin,45.75,126.65,icon,2026-08-13,3.4,03:00,14.1,0.9423828125,0.72607421875,0.955078125,0.5,2026-08-13T19:00:00Z
harbin,45.75,126.65,icon,2026-08-13,4.4,04:00,14.1,0.9423828125,0.71142578125,0.95654296875,0.5,2026-08-13T20:00:00Z
harbin,45.75,126.65,icon,2026-08-13,5.4,05:00,13.7,0.9423828125,0.6474609375,0.9501953125,0.5,2026-08-13T21:00:00Z
harbin,45.75,126.65,icon,2026-08-13,6.4,06:00,16.3,0.90966796875,0.6484375,0.93994140625,0.5,2026-08-13T22:00:00Z
harbin,45.75,126.65,icon,2026-08-13,7.4,07:00,18.7,0.8828125,0.71240234375,0.921875,0.419189453125,2026-08-13T23:00:00Z
harbin,45.75,126.65,icon,2026-08-14,8.4,08:00,26.8,0.7802734375,0.75146484375,0.90673828125,0.118896484375,2026-08-14T00:00:00Z
harbin,45.75,126.65,icon,2026-08-14,9.4,09:00,35.8,0.7109375,0.7822265625,0.89404296875,0.0,2026-08-14T01:00:00Z
harbin,45.75,126.65,icon,2026-08-14,10.4,10:00,36.2,0.70703125,0.7705078125,0.908203125,0.0,2026-08-14T02:00:00Z
harbin,45.75,126.65,icon,2026-08-14,11.4,11:00,42.9,0.6298828125,0.76171875,0.908203125,0.0,2026-08-14T03:00:00Z
harbin,45.75,126.65,icon,2026-08-14,12.4,12:00,34.6,0.724609375,0.77099609375,0.90283203125,0.0,2026-08-14T04:00:00Z
harbin,45.75,126.65,icon,2026-08-14,13.4,13:00,28.2,0.79638671875,0.76611328125,0.892578125,0.0,2026-08-14T05:00:00Z
harbin,45.75,126.65,icon,2026-08-14,14.4,14:00,21.5,0.8701171875,0.73193359375,0.88818359375,0.0,2026-08-14T06:00:00Z
harbin,45.75,126.65,icon,2026-08-14,15.4,15:00,32.4,0.7529296875,0.8408203125,0.88818359375,0.0,2026-08-14T07:00:00Z
harbin,45.75,126.65,icon,2026-08-14,16.4,16:00,47.8,0.5810546875,0.89794921875,0.8955078125,0.0,2026-08-14T08:00:00Z
harbin,45.75,126.65,icon,2026-08-14,17.4,17:00,66.0,0.375,0.89892578125,0.8984375,0.0,2026-08-14T09:00:00Z
harbin,45.75,126.65,icon,2026-08-14,18.4,18:00,38.8,0.681640625,0.86376953125,0.89794921875,0.0,2026-08-14T10:00:00Z
harbin,45.75,126.65,icon,2026-08-14,19.4,19:00,56.7,0.47607421875,0.82470703125,0.89306640625,0.0,2026-08-14T11:00:00Z
harbin,45.75,126.65,icon,2026-08-14,20.4,20:00,92.0,0.0736083984375,0.79736328125,0.896484375,0.0,2026-08-14T12:00:00Z
harbin,45.75,126.65,icon,2026-08-14,21.4,21:00,55.8,0.484619140625,0.78662109375,0.91015625,0.0,2026-08-14T13:00:00Z
harbin,45.75,126.65,icon,2026-08-14,22.4,22:00,82.4,0.1839599609375,0.7822265625,0.92626953125,0.0,2026-08-14T14:00:00Z
harbin,45.75,126.65,icon,2026-08-14,23.4,23:00,97.5,0.0134124755859375,0.791015625,0.94287109375,0.0,2026-08-14T15:00:00Z
harbin,45.75,126.65,icon,2026-08-14,0.4,00:00,98.3,0.004489898681640625,0.79248046875,0.951171875,0.0,2026-08-14T16:00:00Z
harbin,45.75,126.65,icon,2026-08-14,1.4,01:00,96.6,0.022247314453125,0.7509765625,0.95751953125,0.0,2026-08-14T17:00:00Z
harbin,45.75,126.65,icon,2026-08-14,2.4,02:00,97.6,0.01213836669921875,0.771484375,0.966796875,0.0,2026-08-14T18:00:00Z
harbin,45.75,126.65,icon,2026-08-14,3.4,03:00,59.2,0.0,0.81884765625,0.96923828125,0.0867919921875,2026-08-14T19:00:00Z
harbin,45.75,126.65,icon,2026-08-14,4.4,04:00,57.9,0.077880859375,0.802734375,0.96826171875,0.1309814453125,2026-08-14T20:00:00Z
harbin,45.75,126.65,icon,2026-08-14,5.4,05:00,56.0,0.1663818359375,0.82421875,0.97021484375,0.1314697265625,2026-08-14T21:00:00Z
harbin,45.75,126.65,icon,2026-08-14,6.4,06:00,54.8,0.2174072265625,0.84033203125,0.96728515625,0.0838623046875,2026-08-14T22:00:00Z
harbin,45.75,126.65,icon,2026-08-14,7.4,07:00,36.8,0.70703125,0.8466796875,0.95361328125,0.0,2026-08-14T23:00:00Z
harbin,45.75,126.65,icon,2026-08-15,8.4,08:00,39.5,0.67138671875,0.830078125,0.89501953125,0.0,2026-08-15T00:00:00Z
harbin,45.75,126.65,icon,2026-08-15,9.4,09:00,44.0,0.61572265625,0.8134765625,0.83056640625,0.0,2026-08-15T01:00:00Z
harbin,45.75,126.65,icon,2026-08-15,10.4,10:00,24.9,0.83056640625,0.802734375,0.79150390625,0.0,2026-08-15T02:00:00Z
harbin,45.75,126.65,icon,2026-08-15,11.4,11:00,20.6,0.88037109375,0.78173828125,0.8232421875,0.0,2026-08-15T03:00:00Z
harbin,45.75,126.65,icon,2026-08-15,12.4,12:00,25.4,0.82470703125,0.77099609375,0.83447265625,0.0,2026-08-15T04:00:00Z
harbin,45.75,126.65,icon,2026-08-15,13.4,13:00,24.8,0.830078125,0.755859375,0.822265625,0.0,2026-08-15T05:00:00Z
harbin,45.75,126.65,icon,2026-08-15,14.4,14:00,25.3,0.828125,0.78662109375,0.8408203125,0.0,2026-08-15T06:00:00Z
harbin,45.75,126.65,icon,2026-08-15,15.4,15:00,25.3,0.83154296875,0.81396484375,0.87744140625,0.0,2026-08-15T07:00:00Z
harbin,45.75,126.65,icon,2026-08-15,16.4,16:00,22.3,0.86572265625,0.80712890625,0.892578125,0.0,2026-08-15T08:00:00Z
harbin,45.75,126.65,icon,2026-08-15,17.4,17:00,29.3,0.78271484375,0.7705078125,0.8681640625,0.0,2026-08-15T09:00:00Z
harbin,45.75,126.65,icon,2026-08-15,18.4,18:00,36.8,0.69873046875,0.74560546875,0.89599609375,0.0,2026-08-15T10:00:00Z
harbin,45.75,126.65,icon,2026-08-15,19.4,19:00,24.1,0.84521484375,0.796875,0.89697265625,0.0,2026-08-15T11:00:00Z
harbin,45.75,126.65,icon,2026-08-15,20.4,20:00,25.0,0.8369140625,0.84716796875,0.87548828125,0.0,2026-08-15T12:00:00Z
harbin,45.75,126.65,icon,2026-08-15,21.4,21:00,25.2,0.83154296875,0.80859375,0.88134765625,0.0,2026-08-15T13:00:00Z
harbin,45.75,126.65,icon,2026-08-15,22.4,22:00,29.0,0.78955078125,0.8076171875,0.88720703125,0.0,2026-08-15T14:00:00Z
harbin,45.75,126.65,icon,2026-08-15,23.4,23:00,37.6,0.68896484375,0.81884765625,0.83740234375,0.0,2026-08-15T15:00:00Z
harbin,45.75,126.65,icon,2026-08-15,0.4,00:00,26.2,0.81787109375,0.8046875,0.85107421875,0.030853271484375,2026-08-15T16:00:00Z
harbin,45.75,126.65,icon,2026-08-15,1.4,01:00,26.2,0.81640625,0.77685546875,0.8359375,0.031768798828125,2026-08-15T17:00:00Z
harbin,45.75,126.65,icon,2026-08-15,2.4,02:00,28.7,0.78662109375,0.75146484375,0.8466796875,0.031951904296875,2026-08-15T18:00:00Z
harbin,45.75,126.65,icon,2026-08-15,3.4,03:00,26.1,0.78564453125,0.7509765625,0.818359375,0.07769775390625,2026-08-15T19:00:00Z
harbin,45.75,126.65,icon,2026-08-15,4.4,04:00,27.1,0.77001953125,0.73046875,0.82763671875,0.12286376953125,2026-08-15T20:00:00Z
harbin,45.75,126.65,icon,2026-08-15,5.4,05:00,29.2,0.736328125,0.73095703125,0.80224609375,0.123291015625,2026-08-15T21:00:00Z
harbin,45.75,126.65,icon,2026-08-15,6.4,06:00,34.4,0.64794921875,0.771484375,0.701171875,0.11993408203125,2026-08-15T22:00:00Z
harbin,45.75,126.65,icon,2026-08-15,7.4,07:00,31.4,0.74951171875,0.78662109375,0.677734375,0.0,2026-08-15T23:00:00Z
harbin,45.75,126.65,ifs,2026-08-13,8.4,08:00,23.1,0.84912109375,0.7978515625,0.77001953125,0.0,2026-08-13T00:00:00Z
harbin,45.75,126.65,ifs,2026-08-13,9.4,09:00,10.0,0.84912109375,0.7978515625,0.75048828125,0.0,2026-08-13T01:00:00Z
harbin,45.75,126.65,ifs,2026-08-13,10.4,10:00,10.0,0.8486328125,0.79296875,0.71337890625,0.04998779296875,2026-08-13T02:00:00Z
harbin,45.75,126.65,ifs,2026-08-13,11.4,11:00,22.8,0.8486328125,0.77783203125,0.7392578125,0.024993896484375,2026-08-13T03:00:00Z
harbin,45.75,126.65,ifs,2026-08-13,12.4,12:00,22.4,0.84912109375,0.77294921875,0.64892578125,0.0,2026-08-13T04:00:00Z
harbin,45.75,126.65,ifs,2026-08-13,13.4,13:00,26.8,0.7978515625,0.76220703125,0.63818359375,0.0,2026-08-13T05:00:00Z
harbin,45.75,126.65,ifs,2026-08-13,14.4,14:00,36.2,0.69287109375,0.7666015625,0.66259765625,0.0,2026-08-13T06:00:00Z
harbin,45.75,126.65,ifs,2026-08-13,15.4,15:00,36.3,0.68701171875,0.708984375,0.64794921875,0.0,2026-08-13T07:00:00Z
harbin,45.75,126.65,ifs,2026-08-13,16.4,16:00,36.3,0.68701171875,0.7333984375,0.6123046875,0.0,2026-08-13T08:00:00Z
harbin,45.75,126.65,ifs,2026-08-13,17.4,17:00,36.8,0.68115234375,0.7333984375,0.6220703125,0.0,2026-08-13T09:00:00Z
harbin,45.75,126.65,ifs,2026-08-13,18.4,18:00,36.8,0.68115234375,0.7431640625,0.61083984375,0.0,2026-08-13T10:00:00Z
harbin,45.75,126.65,ifs,2026-08-13,19.4,19:00,36.7,0.68115234375,0.73876953125,0.5849609375,0.0,2026-08-13T11:00:00Z
harbin,45.75,126.65,ifs,2026-08-13,20.4,20:00,36.9,0.68115234375,0.734375,0.6357421875,0.0,2026-08-13T12:00:00Z
harbin,45.75,126.65,ifs,2026-08-13,21.4,21:00,38.0,0.669921875,0.734375,0.65869140625,0.0,2026-08-13T13:00:00Z
harbin,45.75,126.65,ifs,2026-08-13,22.4,22:00,53.8,0.490478515625,0.734375,0.6611328125,0.0,2026-08-13T14:00:00Z
harbin,45.75,126.65,ifs,2026-08-13,23.4,23:00,90.2,0.07659912109375,0.734375,0.64697265625,0.0,2026-08-13T15:00:00Z
harbin,45.75,126.65,ifs,2026-08-13,0.4,00:00,96.9,0.0,0.73876953125,0.63427734375,0.0,2026-08-13T16:00:00Z
harbin,45.75,126.65,ifs,2026-08-13,1.4,01:00,96.9,0.0006427764892578125,0.75341796875,0.64111328125,0.0,2026-08-13T17:00:00Z
harbin,45.75,126.65,ifs,2026-08-13,2.4,02:00,97.3,0.0,0.76904296875,0.68994140625,0.0,2026-08-13T18:00:00Z
harbin,45.75,126.65,ifs,2026-08-13,3.4,03:00,96.5,0.003765106201171875,0.7578125,0.63818359375,0.07501220703125,2026-08-13T19:00:00Z
harbin,45.75,126.65,ifs,2026-08-13,4.4,04:00,54.6,0.1727294921875,0.77294921875,0.66650390625,0.175048828125,2026-08-13T20:00:00Z
harbin,45.75,126.65,ifs,2026-08-13,5.4,05:00,57.8,0.016571044921875,0.77783203125,0.65380859375,0.175048828125,2026-08-13T21:00:00Z
harbin,45.75,126.65,ifs,2026-08-13,6.4,06:00,53.4,0.2222900390625,0.77783203125,0.68896484375,0.0999755859375,2026-08-13T22:00:00Z
harbin,45.75,126.65,ifs,2026-08-13,7.4,07:00,68.8,0.3212890625,0.7822265625,0.62939453125,0.0,2026-08-13T23:00:00Z
harbin,45.75,126.65,ifs,2026-08-14,8.4,08:00,86.4,0.12158203125,0.7978515625,0.62451171875,0.0,2026-08-14T00:00:00Z
harbin,45.75,126.65,ifs,2026-08-14,9.4,09:00,91.5,0.06256103515625,0.7978515625,0.6064453125,0.0,2026-08-14T01:00:00Z
harbin,45.75,126.65,ifs,2026-08-14,10.4,10:00,84.7,0.1380615234375,0.7978515625,0.5634765625,0.0,2026-08-14T02:00:00Z
harbin,45.75,126.65,ifs,2026-08-14,11.4,11:00,75.8,0.23974609375,0.80224609375,0.5673828125,0.0,2026-08-14T03:00:00Z
harbin,45.75,126.65,ifs,2026-08-14,12.4,12:00,74.9,0.2498779296875,0.7861328125,0.5830078125,0.0,2026-08-14T04:00:00Z
harbin,45.75,126.65,ifs,2026-08-14,13.4,13:00,84.9,0.1343994140625,0.7646484375,0.587890625,0.0,2026-08-14T05:00:00Z
harbin,45.75,126.65,ifs,2026-08-14,14.4,14:00,81.5,0.1724853515625,0.728515625,0.6015625,0.0,2026-08-14T06:00:00Z
harbin,45.75,126.65,ifs,2026-08-14,15.4,15:00,68.9,0.31640625,0.7373046875,0.603515625,0.0,2026-08-14T07:00:00Z
harbin,45.75,126.65,ifs,2026-08-14,16.4,16:00,68.2,0.3203125,0.677734375,0.6015625,0.0,2026-08-14T08:00:00Z
harbin,45.75,126.65,ifs,2026-08-14,17.4,17:00,46.6,0.56396484375,0.65087890625,0.59326171875,0.0,2026-08-14T09:00:00Z
harbin,45.75,126.65,ifs,2026-08-14,18.4,18:00,41.7,0.6171875,0.6171875,0.5888671875,0.0,2026-08-14T10:00:00Z
harbin,45.75,126.65,ifs,2026-08-14,19.4,19:00,38.6,0.654296875,0.6005859375,0.640625,0.0,2026-08-14T11:00:00Z
harbin,45.75,126.65,ifs,2026-08-14,20.4,20:00,36.3,0.68115234375,0.5947265625,0.64892578125,0.0,2026-08-14T12:00:00Z
harbin,45.75,126.65,ifs,2026-08-14,21.4,21:00,36.4,0.68115234375,0.59130859375,0.673828125,0.0,2026-08-14T13:00:00Z
harbin,45.75,126.65,ifs,2026-08-14,22.4,22:00,40.5,0.63427734375,0.57861328125,0.6875,0.0,2026-08-14T14:00:00Z
harbin,45.75,126.65,ifs,2026-08-14,23.4,23:00,52.4,0.5009765625,0.59130859375,0.697265625,0.0,2026-08-14T15:00:00Z
harbin,45.75,126.65,ifs,2026-08-14,0.4,00:00,55.8,0.4609375,0.603515625,0.69384765625,0.07501220703125,2026-08-14T16:00:00Z
harbin,45.75,126.65,ifs,2026-08-14,1.4,01:00,41.1,0.51318359375,0.615234375,0.685546875,0.1500244140625,2026-08-14T17:00:00Z
harbin,45.75,126.65,ifs,2026-08-14,2.4,02:00,32.8,0.658203125,0.611328125,0.66552734375,0.2125244140625,2026-08-14T18:00:00Z
harbin,45.75,126.65,ifs,2026-08-14,3.4,03:00,29.5,0.703125,0.490966796875,0.67578125,0.27490234375,2026-08-14T19:00:00Z
harbin,45.75,126.65,ifs,2026-08-14,4.4,04:00,29.2,0.7080078125,0.484130859375,0.69140625,0.28759765625,2026-08-14T20:00:00Z
harbin,45.75,126.65,ifs,2026-08-14,5.4,05:00,18.2,0.8681640625,0.4677734375,0.74658203125,0.25,2026-08-14T21:00:00Z
harbin,45.75,126.65,ifs,2026-08-14,6.4,06:00,17.0,0.8857421875,0.43701171875,0.76123046875,0.125,2026-08-14T22:00:00Z
harbin,45.75,126.65,ifs,2026-08-14,7.4,07:00,36.1,0.6806640625,0.40966796875,0.79443359375,0.0,2026-08-14T23:00:00Z
harbin,45.75,126.65,ifs,2026-08-15,8.4,08:00,34.8,0.693359375,0.407470703125,0.763671875,0.0,2026-08-15T00:00:00Z
harbin,45.75,126.65,ifs,2026-08-15,9.4,09:00,18.0,0.8857421875,0.45947265625,0.7265625,0.0,2026-08-15T01:00:00Z
harbin,45.75,126.65,ifs,2026-08-15,10.4,10:00,50.7,0.51416015625,0.51171875,0.6728515625,0.0,2026-08-15T02:00:00Z
harbin,45.75,126.65,ifs,2026-08-15,11.4,11:00,61.5,0.391357421875,0.55419921875,0.63037109375,0.0,2026-08-15T03:00:00Z
harbin,45.75,126.65,ifs,2026-08-15,12.4,12:00,67.2,0.326904296875,0.59130859375,0.607421875,0.0,2026-08-15T04:00:00Z
harbin,45.75,126.65,ifs,2026-08-15,13.4,13:00,46.2,0.56689453125,0.615234375,0.5986328125,0.0,2026-08-15T05:00:00Z
harbin,45.75,126.65,ifs,2026-08-15,14.4,14:00,53.8,0.480224609375,0.62353515625,0.59228515625,0.0,2026-08-15T06:00:00Z
harbin,45.75,126.65,ifs,2026-08-15,15.4,15:00,66.9,0.330078125,0.5869140625,0.599609375,0.0,2026-08-15T07:00:00Z
harbin,45.75,126.65,ifs,2026-08-15,16.4,16:00,69.0,0.305908203125,0.57177734375,0.61376953125,0.0,2026-08-15T08:00:00Z
harbin,45.75,126.65,ifs,2026-08-15,17.4,17:00,77.6,0.2098388671875,0.57177734375,0.64990234375,0.0,2026-08-15T09:00:00Z
harbin,45.75,126.65,ifs,2026-08-15,18.4,18:00,75.2,0.2418212890625,0.58349609375,0.72314453125,0.0,2026-08-15T10:00:00Z
harbin,45.75,126.65,ifs,2026-08-15,19.4,19:00,69.9,0.307373046875,0.58984375,0.7900390625,0.0,2026-08-15T11:00:00Z
harbin,45.75,126.65,ifs,2026-08-15,20.4,20:00,74.2,0.25927734375,0.59423828125,0.806640625,0.0,2026-08-15T12:00:00Z
harbin,45.75,126.65,ifs,2026-08-15,21.4,21:00,90.1,0.076416015625,0.59375,0.7841796875,0.037506103515625,2026-08-15T13:00:00Z
harbin,45.75,126.65,ifs,2026-08-15,22.4,22:00,50.5,0.302978515625,0.58203125,0.77880859375,0.07501220703125,2026-08-15T14:00:00Z
harbin,45.75,126.65,ifs,2026-08-15,23.4,23:00,34.9,0.63232421875,0.57080078125,0.771484375,0.0999755859375,2026-08-15T15:00:00Z
harbin,45.75,126.65,ifs,2026-08-15,0.4,00:00,32.5,0.66748046875,0.56005859375,0.744140625,0.1624755859375,2026-08-15T16:00:00Z
harbin,45.75,126.65,ifs,2026-08-15,1.4,01:00,30.4,0.69482421875,0.55615234375,0.69677734375,0.2249755859375,2026-08-15T17:00:00Z
harbin,45.75,126.65,ifs,2026-08-15,2.4,02:00,31.6,0.67431640625,0.552734375,0.677734375,0.262451171875,2026-08-15T18:00:00Z
harbin,45.75,126.65,ifs,2026-08-15,3.4,03:00,31.7,0.67236328125,0.5517578125,0.68798828125,0.27490234375,2026-08-15T19:00:00Z
harbin,45.75,126.65,ifs,2026-08-15,4.4,04:00,28.7,0.7158203125,0.5302734375,0.66796875,0.300048828125,2026-08-15T20:00:00Z
harbin,45.75,126.65,ifs,2026-08-15,5.4,05:00,31.0,0.677734375,0.50634765625,0.6728515625,0.324951171875,2026-08-15T21:00:00Z
harbin,45.75,126.65,ifs,2026-08-15,6.4,06:00,10.0,0.833984375,0.493408203125,0.67822265625,0.2125244140625,2026-08-15T22:00:00Z
harbin,45.75,126.65,ifs,2026-08-15,7.4,07:00,10.0,0.6806640625,0.49072265625,0.7138671875,0.3125,2026-08-15T23:00:00Z
dunhuang,40.14,94.66,icon,2026-08-13,6.3,06:00,31.6,0.74365234375,0.78662109375,0.61962890625,0.0,2026-08-13T00:00:00Z
dunhuang,40.14,94.66,icon,2026-08-13,7.3,07:00,24.5,0.82568359375,0.779296875,0.658203125,0.0,2026-08-13T01:00:00Z
dunhuang,40.14,94.66,icon,2026-08-13,8.3,08:00,28.4,0.78369140625,0.76416015625,0.7041015625,0.0,2026-08-13T02:00:00Z
dunhuang,40.14,94.66,icon,2026-08-13,9.3,09:00,26.1,0.81201171875,0.7724609375,0.7314453125,0.0,2026-08-13T03:00:00Z
dunhuang,40.14,94.66,icon,2026-08-13,10.3,10:00,29.5,0.77197265625,0.75732421875,0.7255859375,0.0,2026-08-13T04:00:00Z
dunhuang,40.14,94.66,icon,2026-08-13,11.3,11:00,27.5,0.7939453125,0.75,0.7177734375,0.0,2026-08-13T05:00:00Z
dunhuang,40.14,94.66,icon,2026-08-13,12.3,12:00,25.4,0.818359375,0.7880859375,0.7021484375,0.0,2026-08-13T06:00:00Z
dunhuang,40.14,94.66,icon,2026-08-13,13.3,13:00,23.0,0.8486328125,0.87841796875,0.66259765625,0.0,2026-08-13T07:00:00Z
dunhuang,40.14,94.66,icon,2026-08-13,14.3,14:00,28.3,0.78515625,0.8427734375,0.6435546875,0.0,2026-08-13T08:00:00Z
dunhuang,40.14,94.66,icon,2026-08-13,15.3,15:00,24.0,0.83349609375,0.84423828125,0.62841796875,0.0,2026-08-13T09:00:00Z
dunhuang,40.14,94.66,icon,2026-08-13,16.3,16:00,29.0,0.7763671875,0.84326171875,0.62744140625,0.0,2026-08-13T10:00:00Z
dunhuang,40.14,94.66,icon,2026-08-13,17.3,17:00,48.4,0.55419921875,0.826171875,0.61376953125,0.0,2026-08-13T11:00:00Z
dunhuang,40.14,94.66,icon,2026-08-13,18.3,18:00,30.8,0.7529296875,0.81103515625,0.6064453125,0.0,2026-08-13T12:00:00Z
dunhuang,40.14,94.66,icon,2026-08-13,19.3,19:00,25.5,0.81396484375,0.8271484375,0.59619140625,0.0,2026-08-13T13:00:00Z
dunhuang,40.14,94.66,icon,2026-08-13,20.3,20:00,34.9,0.70556640625,0.81005859375,0.591796875,0.0,2026-08-13T14:00:00Z
dunhuang,40.14,94.66,icon,2026-08-13,21.3,21:00,51.6,0.5126953125,0.748046875,0.595703125,0.0,2026-08-13T15:00:00Z
dunhuang,40.14,94.66,icon,2026-08-13,22.3,22:00,75.1,0.2445068359375,0.7255859375,0.599609375,0.0,2026-08-13T16:00:00Z
dunhuang,40.14,94.66,icon,2026-08-13,23.3,23:00,64.4,0.365478515625,0.7041015625,0.6005859375,0.0,2026-08-13T17:00:00Z
dunhuang,40.14,94.66,icon,2026-08-13,0.3,00:00,39.7,0.64697265625,0.69091796875,0.6279296875,0.0,2026-08-13T18:00:00Z
dunhuang,40.14,94.66,icon,2026-08-13,1.3,01:00,33.2,0.72607421875,0.77685546875,0.63916015625,0.0,2026-08-13T19:00:00Z
dunhuang,40.14,94.66,icon,2026-08-13,2.3,02:00,31.1,0.7490234375,0.7685546875,0.6455078125,0.0,2026-08-13T20:00:00Z
dunhuang,40.14,94.66,icon,2026-08-13,3.3,03:00,26.4,0.8037109375,0.7705078125,0.662109375,0.0,2026-08-13T21:00:00Z
dunhuang,40.14,94.66,icon,2026-08-13,4.3,04:00,25.0,0.8203125,0.77099609375,0.673828125,0.0,2026-08-13T22:00:00Z
dunhuang,40.14,94.66,icon,2026-08-13,5.3,05:00,27.1,0.7978515625,0.7861328125,0.67822265625,0.0,2026-08-13T23:00:00Z
dunhuang,40.14,94.66,icon,2026-08-14,6.3,06:00,26.2,0.80908203125,0.78662109375,0.68017578125,0.0,2026-08-14T00:00:00Z
dunhuang,40.14,94.66,icon,2026-08-14,7.3,07:00,26.1,0.81005859375,0.80224609375,0.6748046875,0.0,2026-08-14T01:00:00Z
dunhuang,40.14,94.66,icon,2026-08-14,8.3,08:00,28.8,0.77880859375,0.802734375,0.6689453125,0.0,2026-08-14T02:00:00Z
dunhuang,40.14,94.66,icon,2026-08-14,9.3,09:00,29.1,0.77734375,0.79443359375,0.69580078125,0.0,2026-08-14T03:00:00Z
dunhuang,40.14,94.66,icon,2026-08-14,10.3,10:00,29.2,0.775390625,0.77880859375,0.6982421875,0.0,2026-08-14T04:00:00Z
dunhuang,40.14,94.66,icon,2026-08-14,11.3,11:00,21.6,0.86083984375,0.802734375,0.66552734375,0.0,2026-08-14T05:00:00Z
dunhuang,40.14,94.66,icon,2026-08-14,12.3,12:00,22.2,0.85498046875,0.81884765625,0.6640625,0.0,2026-08-14T06:00:00Z
dunhuang,40.14,94.66,icon,2026-08-14,13.3,13:00,31.6,0.7470703125,0.8349609375,0.63623046875,0.0,2026-08-14T07:00:00Z
dunhuang,40.14,94.66,icon,2026-08-14,14.3,14:00,25.3,0.81787109375,0.81884765625,0.63037109375,0.0,2026-08-14T08:00:00Z
dunhuang,40.14,94.66,icon,2026-08-14,15.3,15:00,27.9,0.78857421875,0.82763671875,0.63037109375,0.0,2026-08-14T09:00:00Z
dunhuang,40.14,94.66,icon,2026-08-14,16.3,16:00,27.4,0.7939453125,0.83544921875,0.6142578125,0.0,2026-08-14T10:00:00Z
dunhuang,40.14,94.66,icon,2026-08-14,17.3,17:00,33.2,0.728515625,0.83544921875,0.64013671875,0.0,2026-08-14T11:00:00Z
dunhuang,40.14,94.66,icon,2026-08-14,18.3,18:00,44.7,0.59814453125,0.8349609375,0.6318359375,0.0,2026-08-14T12:00:00Z
dunhuang,40.14,94.66,icon,2026-08-14,19.3,19:00,53.5,0.498779296875,0.826171875,0.64306640625,0.0,2026-08-14T13:00:00Z
dunhuang,40.14,94.66,icon,2026-08-14,20.3,20:00,74.4,0.260009765625,0.83447265625,0.62353515625,0.0,2026-08-14T14:00:00Z
dunhuang,40.14,94.66,icon,2026-08-14,21.3,21:00,71.7,0.290283203125,0.8349609375,0.60888671875,0.0,2026-08-14T15:00:00Z
dunhuang,40.14,94.66,icon,2026-08-14,22.3,22:00,85.7,0.1326904296875,0.8515625,0.62451171875,0.0,2026-08-14T16:00:00Z
dunhuang,40.14,94.66,icon,2026-08-14,23.3,23:00,87.8,0.11126708984375,0.85986328125,0.6455078125,0.0,2026-08-14T17:00:00Z
dunhuang,40.14,94.66,icon,2026-08-14,0.3,00:00,83.6,0.1575927734375,0.869140625,0.63037109375,0.0,2026-08-14T18:00:00Z
dunhuang,40.14,94.66,icon,2026-08-14,1.3,01:00,70.8,0.304931640625,0.90478515625,0.62939453125,0.0,2026-08-14T19:00:00Z
dunhuang,40.14,94.66,icon,2026-08-14,2.3,02:00,61.2,0.414794921875,0.89697265625,0.6337890625,0.0,2026-08-14T20:00:00Z
dunhuang,40.14,94.66,icon,2026-08-14,3.3,03:00,66.1,0.357421875,0.90478515625,0.60546875,0.0,2026-08-14T21:00:00Z
dunhuang,40.14,94.66,icon,2026-08-14,4.3,04:00,52.5,0.513671875,0.90478515625,0.62890625,0.0,2026-08-14T22:00:00Z
dunhuang,40.14,94.66,icon,2026-08-14,5.3,05:00,76.2,0.2459716796875,0.90478515625,0.67431640625,0.0,2026-08-14T23:00:00Z
dunhuang,40.14,94.66,icon,2026-08-15,6.3,06:00,72.4,0.290283203125,0.90478515625,0.68017578125,0.0,2026-08-15T00:00:00Z
dunhuang,40.14,94.66,icon,2026-08-15,7.3,07:00,75.8,0.2509765625,0.89501953125,0.67041015625,0.0,2026-08-15T01:00:00Z
dunhuang,40.14,94.66,icon,2026-08-15,8.3,08:00,67.2,0.3466796875,0.86083984375,0.68603515625,0.0,2026-08-15T02:00:00Z
dunhuang,40.14,94.66,icon,2026-08-15,9.3,09:00,91.9,0.06500244140625,0.84326171875,0.68994140625,0.0,2026-08-15T03:00:00Z
dunhuang,40.14,94.66,icon,2026-08-15,10.3,10:00,37.5,0.68115234375,0.826171875,0.66650390625,0.0,2026-08-15T04:00:00Z
dunhuang,40.14,94.66,icon,2026-08-15,11.3,11:00,32.0,0.74267578125,0.8173828125,0.64892578125,0.0,2026-08-15T05:00:00Z
dunhuang,40.14,94.66,icon,2026-08-15,12.3,12:00,30.2,0.7607421875,0.79248046875,0.6396484375,0.0,2026-08-15T06:00:00Z
dunhuang,40.14,94.66,icon,2026-08-15,13.3,13:00,38.8,0.6640625,0.81005859375,0.63818359375,0.0,2026-08-15T07:00:00Z
dunhuang,40.14,94.66,icon,2026-08-15,14.3,14:00,28.4,0.78271484375,0.80126953125,0.65380859375,0.0,2026-08-15T08:00:00Z
dunhuang,40.14,94.66,icon,2026-08-15,15.3,15:00,32.7,0.736328125,0.78564453125,0.70068359375,0.0,2026-08-15T09:00:00Z
dunhuang,40.14,94.66,icon,2026-08-15,16.3,16:00,23.1,0.845703125,0.77001953125,0.7236328125,0.0,2026-08-15T10:00:00Z
dunhuang,40.14,94.66,icon,2026-08-15,17.3,17:00,30.0,0.765625,0.76953125,0.70654296875,0.0,2026-08-15T11:00:00Z
dunhuang,40.14,94.66,icon,2026-08-15,18.3,18:00,28.3,0.78662109375,0.76953125,0.73486328125,0.0,2026-08-15T12:00:00Z
dunhuang,40.14,94.66,icon,2026-08-15,19.3,19:00,27.3,0.79736328125,0.77001953125,0.73095703125,0.0,2026-08-15T13:00:00Z
dunhuang,40.14,94.66,icon,2026-08-15,20.3,20:00,26.0,0.81005859375,0.77001953125,0.6845703125,0.0,2026-08-15T14:00:00Z
dunhuang,40.14,94.66,icon,2026-08-15,21.3,21:00,24.7,0.822265625,0.7783203125,0.62890625,0.0,2026-08-15T15:00:00Z
dunhuang,40.14,94.66,icon,2026-08-15,22.3,22:00,23.9,0.8271484375,0.79345703125,0.5419921875,0.0,2026-08-15T16:00:00Z
dunhuang,40.14,94.66,icon,2026-08-15,23.3,23:00,25.5,0.80859375,0.787109375,0.55029296875,0.0,2026-08-15T17:00:00Z
dunhuang,40.14,94.66,icon,2026-08-15,0.3,00:00,23.2,0.84033203125,0.7783203125,0.6611328125,0.0,2026-08-15T18:00:00Z
dunhuang,40.14,94.66,icon,2026-08-15,1.3,01:00,25.1,0.82177734375,0.79541015625,0.6923828125,0.0,2026-08-15T19:00:00Z
dunhuang,40.14,94.66,icon,2026-08-15,2.3,02:00,23.7,0.8369140625,0.7783203125,0.6826171875,0.0,2026-08-15T20:00:00Z
dunhuang,40.14,94.66,icon,2026-08-15,3.3,03:00,23.0,0.8466796875,0.75732421875,0.736328125,0.0,2026-08-15T21:00:00Z
dunhuang,40.14,94.66,icon,2026-08-15,4.3,04:00,22.9,0.84521484375,0.72705078125,0.7265625,0.0,2026-08-15T22:00:00Z
dunhuang,40.14,94.66,icon,2026-08-15,5.3,05:00,22.1,0.8486328125,0.7119140625,0.6455078125,0.0,2026-08-15T23:00:00Z
dunhuang,40.14,94.66,ifs,2026-08-13,6.3,06:00,40.8,0.6181640625,0.44580078125,0.59033203125,0.0,2026-08-13T00:00:00Z
dunhuang,40.14,94.66,ifs,2026-08-13,7.3,07:00,57.9,0.42431640625,0.449951171875,0.599609375,0.0,2026-08-13T01:00:00Z
dunhuang,40.14,94.66,ifs,2026-08-13,8.3,08:00,52.6,0.48291015625,0.4541015625,0.56982421875,0.0,2026-08-13T02:00:00Z
dunhuang,40.14,94.66,ifs,2026-08-13,9.3,09:00,50.0,0.509765625,0.4580078125,0.52001953125,0.0,2026-08-13T03:00:00Z
dunhuang,40.14,94.66,ifs,2026-08-13,10.3,10:00,90.3,0.049407958984375,0.4580078125,0.469970703125,0.0,2026-08-13T04:00:00Z
dunhuang,40.14,94.66,ifs,2026-08-13,11.3,11:00,91.8,0.03369140625,0.467041015625,0.485595703125,0.0,2026-08-13T05:00:00Z
dunhuang,40.14,94.66,ifs,2026-08-13,12.3,12:00,64.9,0.337646484375,0.462890625,0.47021484375,0.0,2026-08-13T06:00:00Z
dunhuang,40.14,94.66,ifs,2026-08-13,13.3,13:00,65.9,0.3349609375,0.560546875,0.5146484375,0.0,2026-08-13T07:00:00Z
dunhuang,40.14,94.66,ifs,2026-08-13,14.3,14:00,88.1,0.08160400390625,0.5546875,0.5029296875,0.0,2026-08-13T08:00:00Z
dunhuang,40.14,94.66,ifs,2026-08-13,15.3,15:00,85.4,0.10992431640625,0.54931640625,0.46728515625,0.0,2026-08-13T09:00:00Z
dunhuang,40.14,94.66,ifs,2026-08-13,16.3,16:00,55.0,0.455810546875,0.53857421875,0.477783203125,0.0,2026-08-13T10:00:00Z
dunhuang,40.14,94.66,ifs,2026-08-13,17.3,17:00,63.3,0.361328125,0.5322265625,0.48388671875,0.0,2026-08-13T11:00:00Z
dunhuang,40.14,94.66,ifs,2026-08-13,18.3,18:00,88.4,0.0755615234375,0.521484375,0.493896484375,0.0,2026-08-13T12:00:00Z
dunhuang,40.14,94.66,ifs,2026-08-13,19.3,19:00,90.1,0.05419921875,0.51123046875,0.47314453125,0.0,2026-08-13T13:00:00Z
dunhuang,40.14,94.66,ifs,2026-08-13,20.3,20:00,88.0,0.07159423828125,0.51123046875,0.347412109375,0.0,2026-08-13T14:00:00Z
dunhuang,40.14,94.66,ifs,2026-08-13,21.3,21:00,91.1,0.03143310546875,0.50634765625,0.26171875,0.0,2026-08-13T15:00:00Z
dunhuang,40.14,94.66,ifs,2026-08-13,22.3,22:00,74.8,0.2244873046875,0.51123046875,0.394287109375,0.0,2026-08-13T16:00:00Z
dunhuang,40.14,94.66,ifs,2026-08-13,23.3,23:00,46.5,0.55322265625,0.51611328125,0.51806640625,0.0,2026-08-13T17:00:00Z
dunhuang,40.14,94.66,ifs,2026-08-13,0.3,00:00,33.4,0.69140625,0.521484375,0.323486328125,0.0,2026-08-13T18:00:00Z
dunhuang,40.14,94.66,ifs,2026-08-13,1.3,01:00,44.9,0.5625,0.51806640625,0.361328125,0.0,2026-08-13T19:00:00Z
dunhuang,40.14,94.66,ifs,2026-08-13,2.3,02:00,77.4,0.193115234375,0.52880859375,0.344482421875,0.0,2026-08-13T20:00:00Z
dunhuang,40.14,94.66,ifs,2026-08-13,3.3,03:00,53.0,0.468994140625,0.52880859375,0.332275390625,0.0,2026-08-13T21:00:00Z
dunhuang,40.14,94.66,ifs,2026-08-13,4.3,04:00,18.4,0.86279296875,0.53857421875,0.326904296875,0.0,2026-08-13T22:00:00Z
dunhuang,40.14,94.66,ifs,2026-08-13,5.3,05:00,35.2,0.6767578125,0.54443359375,0.419677734375,0.0,2026-08-13T23:00:00Z
dunhuang,40.14,94.66,ifs,2026-08-14,6.3,06:00,33.9,0.6884765625,0.55517578125,0.35009765625,0.0,2026-08-14T00:00:00Z
dunhuang,40.14,94.66,ifs,2026-08-14,7.3,07:00,77.5,0.197021484375,0.55419921875,0.417236328125,0.0,2026-08-14T01:00:00Z
dunhuang,40.14,94.66,ifs,2026-08-14,8.3,08:00,75.7,0.2164306640625,0.5537109375,0.391845703125,0.0,2026-08-14T02:00:00Z
dunhuang,40.14,94.66,ifs,2026-08-14,9.3,09:00,63.7,0.355224609375,0.55859375,0.430908203125,0.0,2026-08-14T03:00:00Z
dunhuang,40.14,94.66,ifs,2026-08-14,10.3,10:00,73.1,0.250732421875,0.56396484375,0.477294921875,0.0,2026-08-14T04:00:00Z
dunhuang,40.14,94.66,ifs,2026-08-14,11.3,11:00,78.0,0.1942138671875,0.5693359375,0.44775390625,0.0,2026-08-14T05:00:00Z
dunhuang,40.14,94.66,ifs,2026-08-14,12.3,12:00,78.8,0.186279296875,0.57470703125,0.45263671875,0.0,2026-08-14T06:00:00Z
dunhuang,40.14,94.66,ifs,2026-08-14,13.3,13:00,90.7,0.05035400390625,0.54736328125,0.482177734375,0.0,2026-08-14T07:00:00Z
dunhuang,40.14,94.66,ifs,2026-08-14,14.3,14:00,90.1,0.06048583984375,0.55859375,0.51513671875,0.0,2026-08-14T08:00:00Z
dunhuang,40.14,94.66,ifs,2026-08-14,15.3,15:00,86.4,0.10162353515625,0.56982421875,0.505859375,0.0,2026-08-14T09:00:00Z
dunhuang,40.14,94.66,ifs,2026-08-14,16.3,16:00,78.1,0.1982421875,0.58154296875,0.51416015625,0.0,2026-08-14T10:00:00Z
dunhuang,40.14,94.66,ifs,2026-08-14,17.3,17:00,64.4,0.353515625,0.587890625,0.51708984375,0.0,2026-08-14T11:00:00Z
dunhuang,40.14,94.66,ifs,2026-08-14,18.3,18:00,60.7,0.38916015625,0.58837890625,0.405029296875,0.0,2026-08-14T12:00:00Z
dunhuang,40.14,94.66,ifs,2026-08-14,19.3,19:00,52.9,0.47412109375,0.59423828125,0.336181640625,0.0,2026-08-14T13:00:00Z
dunhuang,40.14,94.66,ifs,2026-08-14,20.3,20:00,26.7,0.77197265625,0.5947265625,0.333984375,0.0,2026-08-14T14:00:00Z
dunhuang,40.14,94.66,ifs,2026-08-14,21.3,21:00,62.5,0.370361328125,0.60107421875,0.41748046875,0.0,2026-08-14T15:00:00Z
dunhuang,40.14,94.66,ifs,2026-08-14,22.3,22:00,91.7,0.046630859375,0.595703125,0.5625,0.0,2026-08-14T16:00:00Z
dunhuang,40.14,94.66,ifs,2026-08-14,23.3,23:00,93.9,0.0,0.5888671875,0.18505859375,0.0,2026-08-14T17:00:00Z
dunhuang,40.14,94.66,ifs,2026-08-14,0.3,00:00,94.6,0.00873565673828125,0.572265625,0.49462890625,0.0,2026-08-14T18:00:00Z
dunhuang,40.14,94.66,ifs,2026-08-14,1.3,01:00,95.0,0.01355743408203125,0.626953125,0.61181640625,0.0,2026-08-14T19:00:00Z
dunhuang,40.14,94.66,ifs,2026-08-14,2.3,02:00,92.4,0.041961669921875,0.626953125,0.5849609375,0.0,2026-08-14T20:00:00Z
dunhuang,40.14,94.66,ifs,2026-08-14,3.3,03:00,95.0,0.014617919921875,0.638671875,0.6142578125,0.0,2026-08-14T21:00:00Z
dunhuang,40.14,94.66,ifs,2026-08-14,4.3,04:00,94.1,0.026397705078125,0.64599609375,0.63232421875,0.0,2026-08-14T22:00:00Z
dunhuang,40.14,94.66,ifs,2026-08-14,5.3,05:00,87.5,0.10101318359375,0.66015625,0.6240234375,0.0,2026-08-14T23:00:00Z
dunhuang,40.14,94.66,ifs,2026-08-15,6.3,06:00,65.3,0.352294921875,0.6943359375,0.5654296875,0.0,2026-08-15T00:00:00Z
dunhuang,40.14,94.66,ifs,2026-08-15,7.3,07:00,83.1,0.146240234375,0.72900390625,0.467529296875,0.0,2026-08-15T01:00:00Z
dunhuang,40.14,94.66,ifs,2026-08-15,8.3,08:00,88.4,0.084228515625,0.7431640625,0.41552734375,0.0,2026-08-15T02:00:00Z
dunhuang,40.14,94.66,ifs,2026-08-15,9.3,09:00,73.9,0.25,0.75048828125,0.4365234375,0.0,2026-08-15T03:00:00Z
dunhuang,40.14,94.66,ifs,2026-08-15,10.3,10:00,54.7,0.47265625,0.7568359375,0.5029296875,0.0,2026-08-15T04:00:00Z
dunhuang,40.14,94.66,ifs,2026-08-15,11.3,11:00,47.1,0.56103515625,0.74853515625,0.5458984375,0.0,2026-08-15T05:00:00Z
dunhuang,40.14,94.66,ifs,2026-08-15,12.3,12:00,44.0,0.59521484375,0.73388671875,0.5361328125,0.0,2026-08-15T06:00:00Z
dunhuang,40.14,94.66,ifs,2026-08-15,13.3,13:00,36.6,0.67724609375,0.7265625,0.517578125,0.0,2026-08-15T07:00:00Z
dunhuang,40.14,94.66,ifs,2026-08-15,14.3,14:00,35.9,0.67919921875,0.71240234375,0.418701171875,0.0,2026-08-15T08:00:00Z
dunhuang,40.14,94.66,ifs,2026-08-15,15.3,15:00,35.7,0.6826171875,0.69091796875,0.4521484375,0.0,2026-08-15T09:00:00Z
dunhuang,40.14,94.66,ifs,2026-08-15,16.3,16:00,35.6,0.685546875,0.65673828125,0.5380859375,0.0,2026-08-15T10:00:00Z
dunhuang,40.14,94.66,ifs,2026-08-15,17.3,17:00,35.4,0.67822265625,0.61962890625,0.405029296875,0.0,2026-08-15T11:00:00Z
dunhuang,40.14,94.66,ifs,2026-08-15,18.3,18:00,34.6,0.681640625,0.57275390625,0.343994140625,0.0,2026-08-15T12:00:00Z
dunhuang,40.14,94.66,ifs,2026-08-15,19.3,19:00,32.2,0.71142578125,0.53564453125,0.411865234375,0.0,2026-08-15T13:00:00Z
dunhuang,40.14,94.66,ifs,2026-08-15,20.3,20:00,32.5,0.708984375,0.50048828125,0.47412109375,0.0,2026-08-15T14:00:00Z
dunhuang,40.14,94.66,ifs,2026-08-15,21.3,21:00,25.4,0.7939453125,0.481201171875,0.56689453125,0.0,2026-08-15T15:00:00Z
dunhuang,40.14,94.66,ifs,2026-08-15,22.3,22:00,34.3,0.6904296875,0.46240234375,0.5595703125,0.0,2026-08-15T16:00:00Z
dunhuang,40.14,94.66,ifs,2026-08-15,23.3,23:00,20.7,0.8359375,0.453369140625,0.40087890625,0.0,2026-08-15T17:00:00Z
dunhuang,40.14,94.66,ifs,2026-08-15,0.3,00:00,20.8,0.8369140625,0.439453125,0.455810546875,0.0,2026-08-15T18:00:00Z
dunhuang,40.14,94.66,ifs,2026-08-15,1.3,01:00,20.6,0.8486328125,0.494384765625,0.5693359375,0.0,2026-08-15T19:00:00Z
dunhuang,40.14,94.66,ifs,2026-08-15,2.3,02:00,20.9,0.84423828125,0.49365234375,0.53759765625,0.0,2026-08-15T20:00:00Z
dunhuang,40.14,94.66,ifs,2026-08-15,3.3,03:00,20.1,0.84912109375,0.493408203125,0.46435546875,0.0,2026-08-15T21:00:00Z
dunhuang,40.14,94.66,ifs,2026-08-15,4.3,04:00,22.9,0.80517578125,0.493408203125,0.255126953125,0.0,2026-08-15T22:00:00Z
dunhuang,40.14,94.66,ifs,2026-08-15,5.3,05:00,19.6,0.8515625,0.5029296875,0.402587890625,0.0,2026-08-15T23:00:00Z
ali,32.5,80.1,icon,2026-08-13,5.3,05:00,39.0,0.67041015625,0.740234375,0.8623046875,0.0,2026-08-13T00:00:00Z
ali,32.5,80.1,icon,2026-08-13,6.3,06:00,30.4,0.765625,0.7255859375,0.8349609375,0.0,2026-08-13T01:00:00Z
ali,32.5,80.1,icon,2026-08-13,7.3,07:00,41.4,0.64013671875,0.72900390625,0.8173828125,0.0,2026-08-13T02:00:00Z
ali,32.5,80.1,icon,2026-08-13,8.3,08:00,53.9,0.497314453125,0.740234375,0.80322265625,0.0,2026-08-13T03:00:00Z
ali,32.5,80.1,icon,2026-08-13,9.3,09:00,63.2,0.392822265625,0.7587890625,0.802734375,0.0,2026-08-13T04:00:00Z
ali,32.5,80.1,icon,2026-08-13,10.3,10:00,50.8,0.53466796875,0.77001953125,0.8125,0.0,2026-08-13T05:00:00Z
ali,32.5,80.1,icon,2026-08-13,11.3,11:00,43.6,0.61962890625,0.78173828125,0.83056640625,0.0,2026-08-13T06:00:00Z
ali,32.5,80.1,icon,2026-08-13,12.3,12:00,25.4,0.8271484375,0.783203125,0.8525390625,0.0,2026-08-13T07:00:00Z
ali,32.5,80.1,icon,2026-08-13,13.3,13:00,30.1,0.7744140625,0.7822265625,0.85791015625,0.0,2026-08-13T08:00:00Z
ali,32.5,80.1,icon,2026-08-13,14.3,14:00,35.6,0.71240234375,0.78662109375,0.86181640625,0.0,2026-08-13T09:00:00Z
ali,32.5,80.1,icon,2026-08-13,15.3,15:00,25.6,0.82373046875,0.77880859375,0.84326171875,0.0,2026-08-13T10:00:00Z
ali,32.5,80.1,icon,2026-08-13,16.3,16:00,29.4,0.78271484375,0.78271484375,0.87353515625,0.0,2026-08-13T11:00:00Z
ali,32.5,80.1,icon,2026-08-13,17.3,17:00,25.0,0.77880859375,0.7744140625,0.8232421875,0.0,2026-08-13T12:00:00Z
ali,32.5,80.1,icon,2026-08-13,18.3,18:00,30.5,0.77099609375,0.7890625,0.88232421875,0.0,2026-08-13T13:00:00Z
ali,32.5,80.1,icon,2026-08-13,19.3,19:00,26.2,0.82275390625,0.80859375,0.90185546875,0.0,2026-08-13T14:00:00Z
ali,32.5,80.1,icon,2026-08-13,20.3,20:00,25.1,0.8359375,0.8251953125,0.900390625,0.0,2026-08-13T15:00:00Z
ali,32.5,80.1,icon,2026-08-13,21.3,21:00,30.3,0.77685546875,0.837890625,0.90087890625,0.0,2026-08-13T16:00:00Z
ali,32.5,80.1,icon,2026-08-13,22.3,22:00,37.2,0.69873046875,0.83837890625,0.8896484375,0.0,2026-08-13T17:00:00Z
ali,32.5,80.1,icon,2026-08-13,23.3,23:00,57.6,0.466064453125,0.84326171875,0.884765625,0.0,2026-08-13T18:00:00Z
ali,32.5,80.1,icon,2026-08-13,0.3,00:00,39.7,0.66943359375,0.8271484375,0.88427734375,0.0,2026-08-13T19:00:00Z
ali,32.5,80.1,icon,2026-08-13,1.3,01:00,48.8,0.56591796875,0.8310546875,0.87548828125,0.0,2026-08-13T20:00:00Z
ali,32.5,80.1,icon,2026-08-13,2.3,02:00,56.1,0.4833984375,0.83837890625,0.88720703125,0.0,2026-08-13T21:00:00Z
ali,32.5,80.1,icon,2026-08-13,3.3,03:00,55.1,0.496337890625,0.85205078125,0.90869140625,0.0,2026-08-13T22:00:00Z
ali,32.5,80.1,icon,2026-08-13,4.3,04:00,65.9,0.3740234375,0.85205078125,0.91650390625,0.0,2026-08-13T23:00:00Z
ali,32.5,80.1,icon,2026-08-14,5.3,05:00,56.1,0.485107421875,0.84423828125,0.91455078125,0.0,2026-08-14T00:00:00Z
ali,32.5,80.1,icon,2026-08-14,6.3,06:00,38.5,0.68408203125,0.8359375,0.91357421875,0.0,2026-08-14T01:00:00Z
ali,32.5,80.1,icon,2026-08-14,7.3,07:00,36.4,0.70703125,0.80810546875,0.91552734375,0.0,2026-08-14T02:00:00Z
ali,32.5,80.1,icon,2026-08-14,8.3,08:00,31.8,0.75927734375,0.78076171875,0.92919921875,0.0,2026-08-14T03:00:00Z
ali,32.5,80.1,icon,2026-08-14,9.3,09:00,33.0,0.744140625,0.7529296875,0.93896484375,0.0,2026-08-14T04:00:00Z
ali,32.5,80.1,icon,2026-08-14,10.3,10:00,37.8,0.6884765625,0.7412109375,0.93994140625,0.0,2026-08-14T05:00:00Z
ali,32.5,80.1,icon,2026-08-14,11.3,11:00,37.8,0.6875,0.73681640625,0.93115234375,0.0,2026-08-14T06:00:00Z
ali,32.5,80.1,icon,2026-08-14,12.3,12:00,38.2,0.68310546875,0.751953125,0.9228515625,0.0,2026-08-14T07:00:00Z
ali,32.5,80.1,icon,2026-08-14,13.3,13:00,90.6,0.0875244140625,0.755859375,0.89501953125,0.0,2026-08-14T08:00:00Z
ali,32.5,80.1,icon,2026-08-14,14.3,14:00,98.2,0.0,0.759765625,0.87841796875,0.0,2026-08-14T09:00:00Z
ali,32.5,80.1,icon,2026-08-14,15.3,15:00,96.8,0.0167388916015625,0.77099609375,0.8759765625,0.0,2026-08-14T10:00:00Z
ali,32.5,80.1,icon,2026-08-14,16.3,16:00,89.1,0.104248046875,0.76416015625,0.8935546875,0.0,2026-08-14T11:00:00Z
ali,32.5,80.1,icon,2026-08-14,17.3,17:00,66.4,0.36279296875,0.76416015625,0.90283203125,0.0,2026-08-14T12:00:00Z
ali,32.5,80.1,icon,2026-08-14,18.3,18:00,35.6,0.71142578125,0.75634765625,0.88525390625,0.0,2026-08-14T13:00:00Z
ali,32.5,80.1,icon,2026-08-14,19.3,19:00,31.2,0.76220703125,0.73388671875,0.92041015625,0.0,2026-08-14T14:00:00Z
ali,32.5,80.1,icon,2026-08-14,20.3,20:00,31.6,0.7578125,0.71923828125,0.9501953125,0.0,2026-08-14T15:00:00Z
ali,32.5,80.1,icon,2026-08-14,21.3,21:00,74.3,0.2734375,0.72216796875,0.95166015625,0.0,2026-08-14T16:00:00Z
ali,32.5,80.1,icon,2026-08-14,22.3,22:00,97.4,0.00970458984375,0.7119140625,0.9453125,0.0,2026-08-14T17:00:00Z
ali,32.5,80.1,icon,2026-08-14,23.3,23:00,78.8,0.2220458984375,0.71923828125,0.94677734375,0.0,2026-08-14T18:00:00Z
ali,32.5,80.1,icon,2026-08-14,0.3,00:00,75.0,0.26708984375,0.74951171875,0.95166015625,0.0,2026-08-14T19:00:00Z
ali,32.5,80.1,icon,2026-08-14,1.3,01:00,92.7,0.0670166015625,0.759765625,0.9609375,0.0,2026-08-14T20:00:00Z
ali,32.5,80.1,icon,2026-08-14,2.3,02:00,95.5,0.034912109375,0.759765625,0.96044921875,0.0,2026-08-14T21:00:00Z
ali,32.5,80.1,icon,2026-08-14,3.3,03:00,81.4,0.1944580078125,0.7490234375,0.95654296875,0.0,2026-08-14T22:00:00Z
ali,32.5,80.1,icon,2026-08-14,4.3,04:00,67.3,0.354736328125,0.75634765625,0.953125,0.0,2026-08-14T23:00:00Z
ali,32.5,80.1,icon,2026-08-15,5.3,05:00,75.1,0.26708984375,0.75927734375,0.94970703125,0.0,2026-08-15T00:00:00Z
ali,32.5,80.1,icon,2026-08-15,6.3,06:00,76.6,0.2493896484375,0.7626953125,0.94189453125,0.0,2026-08-15T01:00:00Z
ali,32.5,80.1,icon,2026-08-15,7.3,07:00,95.1,0.039398193359375,0.77099609375,0.9375,0.0,2026-08-15T02:00:00Z
ali,32.5,80.1,icon,2026-08-15,8.3,08:00,86.6,0.1358642578125,0.77880859375,0.9365234375,0.0,2026-08-15T03:00:00Z
ali,32.5,80.1,icon,2026-08-15,9.3,09:00,73.6,0.28369140625,0.779296875,0.921875,0.0,2026-08-15T04:00:00Z
ali,32.5,80.1,icon,2026-08-15,10.3,10:00,58.8,0.45068359375,0.78662109375,0.9111328125,0.0,2026-08-15T05:00:00Z
ali,32.5,80.1,icon,2026-08-15,11.3,11:00,54.9,0.494384765625,0.78662109375,0.90087890625,0.0,2026-08-15T06:00:00Z
ali,32.5,80.1,icon,2026-08-15,12.3,12:00,36.1,0.71337890625,0.8779296875,0.8837890625,0.0,2026-08-15T07:00:00Z
ali,32.5,80.1,icon,2026-08-15,13.3,13:00,55.8,0.487060546875,0.8740234375,0.86669921875,0.0,2026-08-15T08:00:00Z
ali,32.5,80.1,icon,2026-08-15,14.3,14:00,83.9,0.1666259765625,0.8740234375,0.84765625,0.0,2026-08-15T09:00:00Z
ali,32.5,80.1,icon,2026-08-15,15.3,15:00,92.1,0.0732421875,0.869140625,0.84765625,0.0,2026-08-15T10:00:00Z
ali,32.5,80.1,icon,2026-08-15,16.3,16:00,87.3,0.12841796875,0.865234375,0.8603515625,0.0,2026-08-15T11:00:00Z
ali,32.5,80.1,icon,2026-08-15,17.3,17:00,94.7,0.04498291015625,0.8701171875,0.85693359375,0.0,2026-08-15T12:00:00Z
ali,32.5,80.1,icon,2026-08-15,18.3,18:00,98.5,0.001926422119140625,0.87060546875,0.85888671875,0.0,2026-08-15T13:00:00Z
ali,32.5,80.1,icon,2026-08-15,19.3,19:00,98.8,0.0,0.87890625,0.876953125,0.0,2026-08-15T14:00:00Z
ali,32.5,80.1,icon,2026-08-15,20.3,20:00,97.2,0.0186614990234375,0.8740234375,0.8935546875,0.0,2026-08-15T15:00:00Z
ali,32.5,80.1,icon,2026-08-15,21.3,21:00,95.7,0.036376953125,0.87353515625,0.90478515625,0.0,2026-08-15T16:00:00Z
ali,32.5,80.1,icon,2026-08-15,22.3,22:00,98.7,0.0029201507568359375,0.87744140625,0.91064453125,0.0,2026-08-15T17:00:00Z
ali,32.5,80.1,icon,2026-08-15,23.3,23:00,96.4,0.0278778076171875,0.87353515625,0.91064453125,0.0,2026-08-15T18:00:00Z
ali,32.5,80.1,icon,2026-08-15,0.3,00:00,92.9,0.06781005859375,0.8779296875,0.900390625,0.0,2026-08-15T19:00:00Z
ali,32.5,80.1,icon,2026-08-15,1.3,01:00,83.3,0.1763916015625,0.8779296875,0.89013671875,0.0,2026-08-15T20:00:00Z
ali,32.5,80.1,icon,2026-08-15,2.3,02:00,50.0,0.5546875,0.869140625,0.88525390625,0.0,2026-08-15T21:00:00Z
ali,32.5,80.1,icon,2026-08-15,3.3,03:00,31.2,0.767578125,0.8701171875,0.884765625,0.0,2026-08-15T22:00:00Z
ali,32.5,80.1,icon,2026-08-15,4.3,04:00,30.2,0.7783203125,0.865234375,0.873046875,0.0,2026-08-15T23:00:00Z
ali,32.5,80.1,ifs,2026-08-13,5.3,05:00,36.4,0.60498046875,0.78662109375,0.58203125,0.199951171875,2026-08-13T00:00:00Z
ali,32.5,80.1,ifs,2026-08-13,6.3,06:00,41.1,0.5244140625,0.78662109375,0.63427734375,0.125,2026-08-13T01:00:00Z
ali,32.5,80.1,ifs,2026-08-13,7.3,07:00,85.6,0.1231689453125,0.78662109375,0.50439453125,0.0,2026-08-13T02:00:00Z
ali,32.5,80.1,ifs,2026-08-13,8.3,08:00,22.0,0.845703125,0.7822265625,0.50390625,0.0,2026-08-13T03:00:00Z
ali,32.5,80.1,ifs,2026-08-13,9.3,09:00,39.3,0.65283203125,0.78662109375,0.56787109375,0.0,2026-08-13T04:00:00Z
ali,32.5,80.1,ifs,2026-08-13,10.3,10:00,26.5,0.80029296875,0.7822265625,0.60595703125,0.0,2026-08-13T05:00:00Z
ali,32.5,80.1,ifs,2026-08-13,11.3,11:00,38.6,0.66455078125,0.7705078125,0.63916015625,0.0,2026-08-13T06:00:00Z
ali,32.5,80.1,ifs,2026-08-13,12.3,12:00,41.9,0.62451171875,0.744140625,0.6220703125,0.0,2026-08-13T07:00:00Z
ali,32.5,80.1,ifs,2026-08-13,13.3,13:00,25.0,0.6171875,0.75927734375,0.460205078125,0.0,2026-08-13T08:00:00Z
ali,32.5,80.1,ifs,2026-08-13,14.3,14:00,48.6,0.54150390625,0.77099609375,0.470703125,0.0,2026-08-13T09:00:00Z
ali,32.5,80.1,ifs,2026-08-13,15.3,15:00,35.0,0.7060546875,0.77880859375,0.6494140625,0.0,2026-08-13T10:00:00Z
ali,32.5,80.1,ifs,2026-08-13,16.3,16:00,30.5,0.75830078125,0.79443359375,0.6435546875,0.0,2026-08-13T11:00:00Z
ali,32.5,80.1,ifs,2026-08-13,17.3,17:00,32.3,0.7353515625,0.79443359375,0.60205078125,0.0,2026-08-13T12:00:00Z
ali,32.5,80.1,ifs,2026-08-13,18.3,18:00,32.7,0.72802734375,0.810546875,0.53466796875,0.0,2026-08-13T13:00:00Z
ali,32.5,80.1,ifs,2026-08-13,19.3,19:00,25.0,0.76171875,0.814453125,0.389892578125,0.0,2026-08-13T14:00:00Z
ali,32.5,80.1,ifs,2026-08-13,20.3,20:00,10.0,0.7177734375,0.810546875,0.578125,0.0,2026-08-13T15:00:00Z
ali,32.5,80.1,ifs,2026-08-13,21.3,21:00,34.3,0.70849609375,0.810546875,0.5205078125,0.0,2026-08-13T16:00:00Z
ali,32.5,80.1,ifs,2026-08-13,22.3,22:00,38.5,0.6650390625,0.810546875,0.60791015625,0.024993896484375,2026-08-13T17:00:00Z
ali,32.5,80.1,ifs,2026-08-13,23.3,23:00,31.3,0.7392578125,0.810546875,0.51318359375,0.11248779296875,2026-08-13T18:00:00Z
ali,32.5,80.1,ifs,2026-08-13,0.3,00:00,28.1,0.72607421875,0.60888671875,0.53662109375,0.125,2026-08-13T19:00:00Z
ali,32.5,80.1,ifs,2026-08-13,1.3,01:00,38.7,0.5458984375,0.6142578125,0.5107421875,0.1624755859375,2026-08-13T20:00:00Z
ali,32.5,80.1,ifs,2026-08-13,2.3,02:00,43.2,0.455810546875,0.60498046875,0.53515625,0.175048828125,2026-08-13T21:00:00Z
ali,32.5,80.1,ifs,2026-08-13,3.3,03:00,37.6,0.5673828125,0.5908203125,0.5400390625,0.137451171875,2026-08-13T22:00:00Z
ali,32.5,80.1,ifs,2026-08-13,4.3,04:00,17.1,0.89111328125,0.578125,0.53125,0.037506103515625,2026-08-13T23:00:00Z
ali,32.5,80.1,ifs,2026-08-14,5.3,05:00,13.9,0.9267578125,0.55615234375,0.53857421875,0.0,2026-08-14T00:00:00Z
ali,32.5,80.1,ifs,2026-08-14,6.3,06:00,14.7,0.91552734375,0.51611328125,0.53564453125,0.0,2026-08-14T01:00:00Z
ali,32.5,80.1,ifs,2026-08-14,7.3,07:00,48.0,0.53955078125,0.54736328125,0.560546875,0.0,2026-08-14T02:00:00Z
ali,32.5,80.1,ifs,2026-08-14,8.3,08:00,25.0,0.69140625,0.56591796875,0.53759765625,0.0,2026-08-14T03:00:00Z
ali,32.5,80.1,ifs,2026-08-14,9.3,09:00,25.0,0.489990234375,0.59326171875,0.495361328125,0.0,2026-08-14T04:00:00Z
ali,32.5,80.1,ifs,2026-08-14,10.3,10:00,25.0,0.57373046875,0.63330078125,0.6220703125,0.0,2026-08-14T05:00:00Z
ali,32.5,80.1,ifs,2026-08-14,11.3,11:00,25.0,0.58935546875,0.66845703125,0.64306640625,0.0,2026-08-14T06:00:00Z
ali,32.5,80.1,ifs,2026-08-14,12.3,12:00,85.4,0.122802734375,0.609375,0.63525390625,0.0,2026-08-14T07:00:00Z
ali,32.5,80.1,ifs,2026-08-14,13.3,13:00,75.2,0.23779296875,0.6337890625,0.60009765625,0.0,2026-08-14T08:00:00Z
ali,32.5,80.1,ifs,2026-08-14,14.3,14:00,51.5,0.50927734375,0.68701171875,0.58154296875,0.0,2026-08-14T09:00:00Z
ali,32.5,80.1,ifs,2026-08-14,15.3,15:00,25.0,0.66845703125,0.72900390625,0.56640625,0.0,2026-08-14T10:00:00Z
ali,32.5,80.1,ifs,2026-08-14,16.3,16:00,25.0,0.76416015625,0.7783203125,0.51806640625,0.0,2026-08-14T11:00:00Z
ali,32.5,80.1,ifs,2026-08-14,17.3,17:00,25.0,0.59033203125,0.814453125,0.607421875,0.0,2026-08-14T12:00:00Z
ali,32.5,80.1,ifs,2026-08-14,18.3,18:00,50.7,0.52392578125,0.8486328125,0.501953125,0.0,2026-08-14T13:00:00Z
ali,32.5,80.1,ifs,2026-08-14,19.3,19:00,67.6,0.32568359375,0.8828125,0.358154296875,0.0,2026-08-14T14:00:00Z
ali,32.5,80.1,ifs,2026-08-14,20.3,20:00,56.4,0.4521484375,0.86865234375,0.37353515625,0.0,2026-08-14T15:00:00Z
ali,32.5,80.1,ifs,2026-08-14,21.3,21:00,58.4,0.43115234375,0.8662109375,0.41015625,0.0,2026-08-14T16:00:00Z
ali,32.5,80.1,ifs,2026-08-14,22.3,22:00,63.5,0.377197265625,0.8486328125,0.490478515625,0.0,2026-08-14T17:00:00Z
ali,32.5,80.1,ifs,2026-08-14,23.3,23:00,57.4,0.448974609375,0.86962890625,0.5126953125,0.0,2026-08-14T18:00:00Z
ali,32.5,80.1,ifs,2026-08-14,0.3,00:00,47.6,0.544921875,0.5478515625,0.56640625,0.0,2026-08-14T19:00:00Z
ali,32.5,80.1,ifs,2026-08-14,1.3,01:00,25.0,0.5849609375,0.5859375,0.58837890625,0.0,2026-08-14T20:00:00Z
ali,32.5,80.1,ifs,2026-08-14,2.3,02:00,25.0,0.615234375,0.60205078125,0.56689453125,0.0,2026-08-14T21:00:00Z
ali,32.5,80.1,ifs,2026-08-14,3.3,03:00,57.9,0.433837890625,0.64990234375,0.5576171875,0.0,2026-08-14T22:00:00Z
ali,32.5,80.1,ifs,2026-08-14,4.3,04:00,44.1,0.58935546875,0.6357421875,0.544921875,0.0,2026-08-14T23:00:00Z
ali,32.5,80.1,ifs,2026-08-15,5.3,05:00,28.7,0.76318359375,0.64599609375,0.5205078125,0.0,2026-08-15T00:00:00Z
ali,32.5,80.1,ifs,2026-08-15,6.3,06:00,30.0,0.74951171875,0.71435546875,0.478759765625,0.0,2026-08-15T01:00:00Z
ali,32.5,80.1,ifs,2026-08-15,7.3,07:00,46.3,0.56298828125,0.75146484375,0.417236328125,0.0,2026-08-15T02:00:00Z
ali,32.5,80.1,ifs,2026-08-15,8.3,08:00,38.8,0.65625,0.78369140625,0.517578125,0.0,2026-08-15T03:00:00Z
ali,32.5,80.1,ifs,2026-08-15,9.3,09:00,25.0,0.58154296875,0.79931640625,0.5966796875,0.0,2026-08-15T04:00:00Z
ali,32.5,80.1,ifs,2026-08-15,10.3,10:00,25.0,0.625,0.81103515625,0.64208984375,0.0,2026-08-15T05:00:00Z
ali,32.5,80.1,ifs,2026-08-15,11.3,11:00,25.0,0.35888671875,0.8115234375,0.63671875,0.0,2026-08-15T06:00:00Z
ali,32.5,80.1,ifs,2026-08-15,12.3,12:00,57.4,0.450439453125,0.77197265625,0.6455078125,0.0,2026-08-15T07:00:00Z
ali,32.5,80.1,ifs,2026-08-15,13.3,13:00,65.8,0.3564453125,0.78759765625,0.640625,0.0,2026-08-15T08:00:00Z
ali,32.5,80.1,ifs,2026-08-15,14.3,14:00,47.4,0.56201171875,0.79931640625,0.57373046875,0.0,2026-08-15T09:00:00Z
ali,32.5,80.1,ifs,2026-08-15,15.3,15:00,25.0,0.45947265625,0.8115234375,0.552734375,0.0,2026-08-15T10:00:00Z
ali,32.5,80.1,ifs,2026-08-15,16.3,16:00,25.0,0.650390625,0.8193359375,0.60888671875,0.0,2026-08-15T11:00:00Z
ali,32.5,80.1,ifs,2026-08-15,17.3,17:00,25.0,0.77587890625,0.82763671875,0.6455078125,0.0,2026-08-15T12:00:00Z
ali,32.5,80.1,ifs,2026-08-15,18.3,18:00,10.0,0.701171875,0.82763671875,0.62109375,0.0,2026-08-15T13:00:00Z
ali,32.5,80.1,ifs,2026-08-15,19.3,19:00,25.0,0.391357421875,0.83154296875,0.387939453125,0.0,2026-08-15T14:00:00Z
ali,32.5,80.1,ifs,2026-08-15,20.3,20:00,25.0,0.64013671875,0.83154296875,0.56005859375,0.0,2026-08-15T15:00:00Z
ali,32.5,80.1,ifs,2026-08-15,21.3,21:00,10.0,0.74072265625,0.83154296875,0.77099609375,0.237548828125,2026-08-15T16:00:00Z
ali,32.5,80.1,ifs,2026-08-15,22.3,22:00,10.0,0.89501953125,0.83984375,0.71923828125,0.3125,2026-08-15T17:00:00Z
ali,32.5,80.1,ifs,2026-08-15,23.3,23:00,21.5,0.84619140625,0.8525390625,0.72119140625,0.237548828125,2026-08-15T18:00:00Z
ali,32.5,80.1,ifs,2026-08-15,0.3,00:00,25.0,0.48388671875,0.66748046875,0.6416015625,0.2125244140625,2026-08-15T19:00:00Z
ali,32.5,80.1,ifs,2026-08-15,1.3,01:00,30.9,0.68115234375,0.66748046875,0.52734375,0.33740234375,2026-08-15T20:00:00Z
ali,32.5,80.1,ifs,2026-08-15,2.3,02:00,30.6,0.58740234375,0.6181640625,0.48681640625,0.41259765625,2026-08-15T21:00:00Z
ali,32.5,80.1,ifs,2026-08-15,3.3,03:00,11.5,0.9384765625,0.5673828125,0.55224609375,0.487548828125,2026-08-15T22:00:00Z
ali,32.5,80.1,ifs,2026-08-15,4.3,04:00,11.0,0.93994140625,0.57421875,0.45166015625,0.46240234375,2026-08-15T23:00:00Z
